# Folded radio pulse profiles for three well-known pulsars, Stokes I only.
# Source: European Pulsar Network (EPN) classic database,
#   https://www.jb.man.ac.uk/pulsar/Resources/epn/epndb/
# Downloaded 2026-08-17.
#
# J0534+2200 (Crab / B0531+21) and J0332+5434 (B0329+54): Gould & Lyne 1998,
#   MNRAS 301, 235, Lovell 1.408 GHz (gl98_1408.epn.asc).
# J0835-4510 (Vela / B0833-45): Johnston, Nicastro & Koribalski 1998,
#   MNRAS 297, 108, 1.4985 GHz (jnk98_1498.epn.asc). Vela is southern, so
#   it is not in the Gould & Lyne Lovell set; this is the EPN 1.4 GHz profile.
#
# time_s is seconds from the start of the folded period as stored by EPN.
# period_s is the barycentric period in the EPN header (Pbar) at the
#   observation epoch, not the later ATNF catalogue period.
# Stokes I is the recorded intensity, arbitrary units, baseline not subtracted.
# One row per phase bin. Phase = time_s / period_s (wraps near 1).
jname,bname,frequency_ghz,period_s,time_s,stokes_i,epn_file
J0534+2200,B0531+21,1.4080,0.033341858,0.000165000,-13.228015,B0531+21/gl98_1408.epn.asc
J0534+2200,B0531+21,1.4080,0.033341858,0.000330000,-6.769712,B0531+21/gl98_1408.epn.asc
J0534+2200,B0531+21,1.4080,0.033341858,0.000495000,8.3713016,B0531+21/gl98_1408.epn.asc
J0534+2200,B0531+21,1.4080,0.033341858,0.000660000,10.273331,B0531+21/gl98_1408.epn.asc
J0534+2200,B0531+21,1.4080,0.033341858,0.000825000,8.4465227,B0531+21/gl98_1408.epn.asc
J0534+2200,B0531+21,1.4080,0.033341858,0.000990000,6.4692721,B0531+21/gl98_1408.epn.asc
J0534+2200,B0531+21,1.4080,0.033341858,0.001155000,-2.4713404,B0531+21/gl98_1408.epn.asc
J0534+2200,B0531+21,1.4080,0.033341858,0.001320000,0.4300603,B0531+21/gl98_1408.epn.asc
J0534+2200,B0531+21,1.4080,0.033341858,0.001485000,11.347924,B0531+21/gl98_1408.epn.asc
J0534+2200,B0531+21,1.4080,0.033341858,0.001650000,9.026803,B0531+21/gl98_1408.epn.asc
J0534+2200,B0531+21,1.4080,0.033341858,0.001815000,1.5798746,B0531+21/gl98_1408.epn.asc
J0534+2200,B0531+21,1.4080,0.033341858,0.001980000,-5.1148391,B0531+21/gl98_1408.epn.asc
J0534+2200,B0531+21,1.4080,0.033341858,0.002145000,-18.353823,B0531+21/gl98_1408.epn.asc
J0534+2200,B0531+21,1.4080,0.033341858,0.002310000,-24.2211,B0531+21/gl98_1408.epn.asc
J0534+2200,B0531+21,1.4080,0.033341858,0.002475000,-19.181259,B0531+21/gl98_1408.epn.asc
J0534+2200,B0531+21,1.4080,0.033341858,0.002640000,-11.068084,B0531+21/gl98_1408.epn.asc
J0534+2200,B0531+21,1.4080,0.033341858,0.002805000,-5.5339303,B0531+21/gl98_1408.epn.asc
J0534+2200,B0531+21,1.4080,0.033341858,0.002970000,-4.2121811,B0531+21/gl98_1408.epn.asc
J0534+2200,B0531+21,1.4080,0.033341858,0.003135000,-10.165425,B0531+21/gl98_1408.epn.asc
J0534+2200,B0531+21,1.4080,0.033341858,0.003300000,-15.624357,B0531+21/gl98_1408.epn.asc
J0534+2200,B0531+21,1.4080,0.033341858,0.003465000,-8.0162392,B0531+21/gl98_1408.epn.asc
J0534+2200,B0531+21,1.4080,0.033341858,0.003630000,4.0621843,B0531+21/gl98_1408.epn.asc
J0534+2200,B0531+21,1.4080,0.033341858,0.003795000,4.8896208,B0531+21/gl98_1408.epn.asc
J0534+2200,B0531+21,1.4080,0.033341858,0.003960000,-5.6091518,B0531+21/gl98_1408.epn.asc
J0534+2200,B0531+21,1.4080,0.033341858,0.004125000,-14.882888,B0531+21/gl98_1408.epn.asc
J0534+2200,B0531+21,1.4080,0.033341858,0.004290000,-17.375944,B0531+21/gl98_1408.epn.asc
J0534+2200,B0531+21,1.4080,0.033341858,0.004455000,-10.992862,B0531+21/gl98_1408.epn.asc
J0534+2200,B0531+21,1.4080,0.033341858,0.004620000,-1.643904,B0531+21/gl98_1408.epn.asc
J0534+2200,B0531+21,1.4080,0.033341858,0.004785000,-1.2248127,B0531+21/gl98_1408.epn.asc
J0534+2200,B0531+21,1.4080,0.033341858,0.004950000,-6.0282426,B0531+21/gl98_1408.epn.asc
J0534+2200,B0531+21,1.4080,0.033341858,0.005115000,-6.5225554,B0531+21/gl98_1408.epn.asc
J0534+2200,B0531+21,1.4080,0.033341858,0.005280000,4.5564971,B0531+21/gl98_1408.epn.asc
J0534+2200,B0531+21,1.4080,0.033341858,0.005445000,10.520487,B0531+21/gl98_1408.epn.asc
J0534+2200,B0531+21,1.4080,0.033341858,0.005610000,6.8776174,B0531+21/gl98_1408.epn.asc
J0534+2200,B0531+21,1.4080,0.033341858,0.005775000,8.4465227,B0531+21/gl98_1408.epn.asc
J0534+2200,B0531+21,1.4080,0.033341858,0.005940000,-1.4719691,B0531+21/gl98_1408.epn.asc
J0534+2200,B0531+21,1.4080,0.033341858,0.006105000,-12.228643,B0531+21/gl98_1408.epn.asc
J0534+2200,B0531+21,1.4080,0.033341858,0.006270000,-9.3379889,B0531+21/gl98_1408.epn.asc
J0534+2200,B0531+21,1.4080,0.033341858,0.006435000,-6.8556795,B0531+21/gl98_1408.epn.asc
J0534+2200,B0531+21,1.4080,0.033341858,0.006600000,-3.4599659,B0531+21/gl98_1408.epn.asc
J0534+2200,B0531+21,1.4080,0.033341858,0.006765000,5.4699006,B0531+21/gl98_1408.epn.asc
J0534+2200,B0531+21,1.4080,0.033341858,0.006930000,13.002797,B0531+21/gl98_1408.epn.asc
J0534+2200,B0531+21,1.4080,0.033341858,0.007095000,17.881449,B0531+21/gl98_1408.epn.asc
J0534+2200,B0531+21,1.4080,0.033341858,0.007260000,16.5597,B0531+21/gl98_1408.epn.asc
J0534+2200,B0531+21,1.4080,0.033341858,0.007425000,13.163985,B0531+21/gl98_1408.epn.asc
J0534+2200,B0531+21,1.4080,0.033341858,0.007590000,11.347924,B0531+21/gl98_1408.epn.asc
J0534+2200,B0531+21,1.4080,0.033341858,0.007755000,6.21137,B0531+21/gl98_1408.epn.asc
J0534+2200,B0531+21,1.4080,0.033341858,0.007920000,2.579246,B0531+21/gl98_1408.epn.asc
J0534+2200,B0531+21,1.4080,0.033341858,0.008085000,5.6418357,B0531+21/gl98_1408.epn.asc
J0534+2200,B0531+21,1.4080,0.033341858,0.008250000,8.6184578,B0531+21/gl98_1408.epn.asc
J0534+2200,B0531+21,1.4080,0.033341858,0.008415000,6.5444937,B0531+21/gl98_1408.epn.asc
J0534+2200,B0531+21,1.4080,0.033341858,0.008580000,4.8143992,B0531+21/gl98_1408.epn.asc
J0534+2200,B0531+21,1.4080,0.033341858,0.008745000,9.9402075,B0531+21/gl98_1408.epn.asc
J0534+2200,B0531+21,1.4080,0.033341858,0.008910000,17.139978,B0531+21/gl98_1408.epn.asc
J0534+2200,B0531+21,1.4080,0.033341858,0.009075000,16.387764,B0531+21/gl98_1408.epn.asc
J0534+2200,B0531+21,1.4080,0.033341858,0.009240000,9.8542395,B0531+21/gl98_1408.epn.asc
J0534+2200,B0531+21,1.4080,0.033341858,0.009405000,4.6424642,B0531+21/gl98_1408.epn.asc
J0534+2200,B0531+21,1.4080,0.033341858,0.009570000,0.75243813,B0531+21/gl98_1408.epn.asc
J0534+2200,B0531+21,1.4080,0.033341858,0.009735000,-0.3221547,B0531+21/gl98_1408.epn.asc
J0534+2200,B0531+21,1.4080,0.033341858,0.009900000,11.261956,B0531+21/gl98_1408.epn.asc
J0534+2200,B0531+21,1.4080,0.033341858,0.010065000,62.885399,B0531+21/gl98_1408.epn.asc
J0534+2200,B0531+21,1.4080,0.033341858,0.010230000,216.49844,B0531+21/gl98_1408.epn.asc
J0534+2200,B0531+21,1.4080,0.033341858,0.010395000,481.38559,B0531+21/gl98_1408.epn.asc
J0534+2200,B0531+21,1.4080,0.033341858,0.010560000,680.01331,B0531+21/gl98_1408.epn.asc
J0534+2200,B0531+21,1.4080,0.033341858,0.010725000,596.53894,B0531+21/gl98_1408.epn.asc
J0534+2200,B0531+21,1.4080,0.033341858,0.010890000,309.90207,B0531+21/gl98_1408.epn.asc
J0534+2200,B0531+21,1.4080,0.033341858,0.011055000,89.191429,B0531+21/gl98_1408.epn.asc
J0534+2200,B0531+21,1.4080,0.033341858,0.011220000,14.571702,B0531+21/gl98_1408.epn.asc
J0534+2200,B0531+21,1.4080,0.033341858,0.011385000,6.7916498,B0531+21/gl98_1408.epn.asc
J0534+2200,B0531+21,1.4080,0.033341858,0.011550000,6.3833046,B0531+21/gl98_1408.epn.asc
J0534+2200,B0531+21,1.4080,0.033341858,0.011715000,3.1595261,B0531+21/gl98_1408.epn.asc
J0534+2200,B0531+21,1.4080,0.033341858,0.011880000,1.9989659,B0531+21/gl98_1408.epn.asc
J0534+2200,B0531+21,1.4080,0.033341858,0.012045000,-0.6552785,B0531+21/gl98_1408.epn.asc
J0534+2200,B0531+21,1.4080,0.033341858,0.012210000,-7.3499923,B0531+21/gl98_1408.epn.asc
J0534+2200,B0531+21,1.4080,0.033341858,0.012375000,-9.7463341,B0531+21/gl98_1408.epn.asc
J0534+2200,B0531+21,1.4080,0.033341858,0.012540000,-1.4719691,B0531+21/gl98_1408.epn.asc
J0534+2200,B0531+21,1.4080,0.033341858,0.012705000,11.0148,B0531+21/gl98_1408.epn.asc
J0534+2200,B0531+21,1.4080,0.033341858,0.012870000,16.968044,B0531+21/gl98_1408.epn.asc
J0534+2200,B0531+21,1.4080,0.033341858,0.013035000,12.250582,B0531+21/gl98_1408.epn.asc
J0534+2200,B0531+21,1.4080,0.033341858,0.013200000,4.2341189,B0531+21/gl98_1408.epn.asc
J0534+2200,B0531+21,1.4080,0.033341858,0.013365000,0.34409288,B0531+21/gl98_1408.epn.asc
J0534+2200,B0531+21,1.4080,0.033341858,0.013530000,0.75243813,B0531+21/gl98_1408.epn.asc
J0534+2200,B0531+21,1.4080,0.033341858,0.013695000,0.67721665,B0531+21/gl98_1408.epn.asc
J0534+2200,B0531+21,1.4080,0.033341858,0.013860000,-3.126842,B0531+21/gl98_1408.epn.asc
J0534+2200,B0531+21,1.4080,0.033341858,0.014025000,-4.2874022,B0531+21/gl98_1408.epn.asc
J0534+2200,B0531+21,1.4080,0.033341858,0.014190000,0.99959451,B0531+21/gl98_1408.epn.asc
J0534+2200,B0531+21,1.4080,0.033341858,0.014355000,5.308712,B0531+21/gl98_1408.epn.asc
J0534+2200,B0531+21,1.4080,0.033341858,0.014520000,4.3093405,B0531+21/gl98_1408.epn.asc
J0534+2200,B0531+21,1.4080,0.033341858,0.014685000,4.395308,B0531+21/gl98_1408.epn.asc
J0534+2200,B0531+21,1.4080,0.033341858,0.014850000,9.112771,B0531+21/gl98_1408.epn.asc
J0534+2200,B0531+21,1.4080,0.033341858,0.015015000,15.485107,B0531+21/gl98_1408.epn.asc
J0534+2200,B0531+21,1.4080,0.033341858,0.015180000,19.042009,B0531+21/gl98_1408.epn.asc
J0534+2200,B0531+21,1.4080,0.033341858,0.015345000,16.806856,B0531+21/gl98_1408.epn.asc
J0534+2200,B0531+21,1.4080,0.033341858,0.015510000,10.595709,B0531+21/gl98_1408.epn.asc
J0534+2200,B0531+21,1.4080,0.033341858,0.015675001,2.9875913,B0531+21/gl98_1408.epn.asc
J0534+2200,B0531+21,1.4080,0.033341858,0.015840000,-2.0522492,B0531+21/gl98_1408.epn.asc
J0534+2200,B0531+21,1.4080,0.033341858,0.016005000,0.75243813,B0531+21/gl98_1408.epn.asc
J0534+2200,B0531+21,1.4080,0.033341858,0.016170001,2.4073112,B0531+21/gl98_1408.epn.asc
J0534+2200,B0531+21,1.4080,0.033341858,0.016334999,-1.3107802,B0531+21/gl98_1408.epn.asc
J0534+2200,B0531+21,1.4080,0.033341858,0.016500000,-1.7298714,B0531+21/gl98_1408.epn.asc
J0534+2200,B0531+21,1.4080,0.033341858,0.016665000,-0.56931108,B0531+21/gl98_1408.epn.asc
J0534+2200,B0531+21,1.4080,0.033341858,0.016829999,-0.39737621,B0531+21/gl98_1408.epn.asc
J0534+2200,B0531+21,1.4080,0.033341858,0.016995000,-1.4719691,B0531+21/gl98_1408.epn.asc
J0534+2200,B0531+21,1.4080,0.033341858,0.017160000,-5.856308,B0531+21/gl98_1408.epn.asc
J0534+2200,B0531+21,1.4080,0.033341858,0.017325001,-9.2520218,B0531+21/gl98_1408.epn.asc
J0534+2200,B0531+21,1.4080,0.033341858,0.017489999,-10.079458,B0531+21/gl98_1408.epn.asc
J0534+2200,B0531+21,1.4080,0.033341858,0.017655000,-13.550393,B0531+21/gl98_1408.epn.asc
J0534+2200,B0531+21,1.4080,0.033341858,0.017820001,-13.969484,B0531+21/gl98_1408.epn.asc
J0534+2200,B0531+21,1.4080,0.033341858,0.017984999,-2.8796856,B0531+21/gl98_1408.epn.asc
J0534+2200,B0531+21,1.4080,0.033341858,0.018150000,10.681676,B0531+21/gl98_1408.epn.asc
J0534+2200,B0531+21,1.4080,0.033341858,0.018315001,16.806856,B0531+21/gl98_1408.epn.asc
J0534+2200,B0531+21,1.4080,0.033341858,0.018479999,11.928204,B0531+21/gl98_1408.epn.asc
J0534+2200,B0531+21,1.4080,0.033341858,0.018645000,-0.90243489,B0531+21/gl98_1408.epn.asc
J0534+2200,B0531+21,1.4080,0.033341858,0.018810000,-11.240018,B0531+21/gl98_1408.epn.asc
J0534+2200,B0531+21,1.4080,0.033341858,0.018975001,-13.969484,B0531+21/gl98_1408.epn.asc
J0534+2200,B0531+21,1.4080,0.033341858,0.019140000,-6.3613668,B0531+21/gl98_1408.epn.asc
J0534+2200,B0531+21,1.4080,0.033341858,0.019305000,6.6304612,B0531+21/gl98_1408.epn.asc
J0534+2200,B0531+21,1.4080,0.033341858,0.019470001,10.595709,B0531+21/gl98_1408.epn.asc
J0534+2200,B0531+21,1.4080,0.033341858,0.019634999,2.7404349,B0531+21/gl98_1408.epn.asc
J0534+2200,B0531+21,1.4080,0.033341858,0.019800000,-3.6319008,B0531+21/gl98_1408.epn.asc
J0534+2200,B0531+21,1.4080,0.033341858,0.019965000,-1.1495912,B0531+21/gl98_1408.epn.asc
J0534+2200,B0531+21,1.4080,0.033341858,0.020129999,3.5678716,B0531+21/gl98_1408.epn.asc
J0534+2200,B0531+21,1.4080,0.033341858,0.020295000,1.1715294,B0531+21/gl98_1408.epn.asc
J0534+2200,B0531+21,1.4080,0.033341858,0.020460000,-9.0908327,B0531+21/gl98_1408.epn.asc
J0534+2200,B0531+21,1.4080,0.033341858,0.020625001,-16.612982,B0531+21/gl98_1408.epn.asc
J0534+2200,B0531+21,1.4080,0.033341858,0.020789999,-12.400578,B0531+21/gl98_1408.epn.asc
J0534+2200,B0531+21,1.4080,0.033341858,0.020955000,-2.224184,B0531+21/gl98_1408.epn.asc
J0534+2200,B0531+21,1.4080,0.033341858,0.021120001,1.4186857,B0531+21/gl98_1408.epn.asc
J0534+2200,B0531+21,1.4080,0.033341858,0.021284999,-2.2994056,B0531+21/gl98_1408.epn.asc
J0534+2200,B0531+21,1.4080,0.033341858,0.021450000,-7.8443046,B0531+21/gl98_1408.epn.asc
J0534+2200,B0531+21,1.4080,0.033341858,0.021615000,-12.314611,B0531+21/gl98_1408.epn.asc
J0534+2200,B0531+21,1.4080,0.033341858,0.021779999,-12.722957,B0531+21/gl98_1408.epn.asc
J0534+2200,B0531+21,1.4080,0.033341858,0.021945000,-9.9182692,B0531+21/gl98_1408.epn.asc
J0534+2200,B0531+21,1.4080,0.033341858,0.022110000,-4.2874022,B0531+21/gl98_1408.epn.asc
J0534+2200,B0531+21,1.4080,0.033341858,0.022275001,5.8889918,B0531+21/gl98_1408.epn.asc
J0534+2200,B0531+21,1.4080,0.033341858,0.022439999,11.842237,B0531+21/gl98_1408.epn.asc
J0534+2200,B0531+21,1.4080,0.033341858,0.022605000,16.226576,B0531+21/gl98_1408.epn.asc
J0534+2200,B0531+21,1.4080,0.033341858,0.022770001,18.214573,B0531+21/gl98_1408.epn.asc
J0534+2200,B0531+21,1.4080,0.033341858,0.022934999,12.583706,B0531+21/gl98_1408.epn.asc
J0534+2200,B0531+21,1.4080,0.033341858,0.023100000,2.7404349,B0531+21/gl98_1408.epn.asc
J0534+2200,B0531+21,1.4080,0.033341858,0.023265000,-5.6091518,B0531+21/gl98_1408.epn.asc
J0534+2200,B0531+21,1.4080,0.033341858,0.023429999,0.25812542,B0531+21/gl98_1408.epn.asc
J0534+2200,B0531+21,1.4080,0.033341858,0.023595000,34.505402,B0531+21/gl98_1408.epn.asc
J0534+2200,B0531+21,1.4080,0.033341858,0.023760000,99.034699,B0531+21/gl98_1408.epn.asc
J0534+2200,B0531+21,1.4080,0.033341858,0.023925001,170.34468,B0531+21/gl98_1408.epn.asc
J0534+2200,B0531+21,1.4080,0.033341858,0.024090000,188.70947,B0531+21/gl98_1408.epn.asc
J0534+2200,B0531+21,1.4080,0.033341858,0.024255000,134.85088,B0531+21/gl98_1408.epn.asc
J0534+2200,B0531+21,1.4080,0.033341858,0.024420001,56.921406,B0531+21/gl98_1408.epn.asc
J0534+2200,B0531+21,1.4080,0.033341858,0.024584999,2.6544676,B0531+21/gl98_1408.epn.asc
J0534+2200,B0531+21,1.4080,0.033341858,0.024750000,-16.290606,B0531+21/gl98_1408.epn.asc
J0534+2200,B0531+21,1.4080,0.033341858,0.024915000,-13.05608,B0531+21/gl98_1408.epn.asc
J0534+2200,B0531+21,1.4080,0.033341858,0.025079999,-8.0162392,B0531+21/gl98_1408.epn.asc
J0534+2200,B0531+21,1.4080,0.033341858,0.025245000,-9.9934902,B0531+21/gl98_1408.epn.asc
J0534+2200,B0531+21,1.4080,0.033341858,0.025410000,-10.906895,B0531+21/gl98_1408.epn.asc
J0534+2200,B0531+21,1.4080,0.033341858,0.025575001,-2.7184968,B0531+21/gl98_1408.epn.asc
J0534+2200,B0531+21,1.4080,0.033341858,0.025739999,6.9635849,B0531+21/gl98_1408.epn.asc
J0534+2200,B0531+21,1.4080,0.033341858,0.025905000,10.595709,B0531+21/gl98_1408.epn.asc
J0534+2200,B0531+21,1.4080,0.033341858,0.026070001,12.336549,B0531+21/gl98_1408.epn.asc
J0534+2200,B0531+21,1.4080,0.033341858,0.026234999,14.818859,B0531+21/gl98_1408.epn.asc
J0534+2200,B0531+21,1.4080,0.033341858,0.026400000,14.238579,B0531+21/gl98_1408.epn.asc
J0534+2200,B0531+21,1.4080,0.033341858,0.026565000,5.4699006,B0531+21/gl98_1408.epn.asc
J0534+2200,B0531+21,1.4080,0.033341858,0.026729999,-5.1148391,B0531+21/gl98_1408.epn.asc
J0534+2200,B0531+21,1.4080,0.033341858,0.026895000,-10.745706,B0531+21/gl98_1408.epn.asc
J0534+2200,B0531+21,1.4080,0.033341858,0.027060000,-17.526386,B0531+21/gl98_1408.epn.asc
J0534+2200,B0531+21,1.4080,0.033341858,0.027225001,-16.537762,B0531+21/gl98_1408.epn.asc
J0534+2200,B0531+21,1.4080,0.033341858,0.027390000,-4.1262136,B0531+21/gl98_1408.epn.asc
J0534+2200,B0531+21,1.4080,0.033341858,0.027555000,5.5558682,B0531+21/gl98_1408.epn.asc
J0534+2200,B0531+21,1.4080,0.033341858,0.027720001,7.0388064,B0531+21/gl98_1408.epn.asc
J0534+2200,B0531+21,1.4080,0.033341858,0.027884999,9.026803,B0531+21/gl98_1408.epn.asc
J0534+2200,B0531+21,1.4080,0.033341858,0.028050000,17.548325,B0531+21/gl98_1408.epn.asc
J0534+2200,B0531+21,1.4080,0.033341858,0.028215000,20.85807,B0531+21/gl98_1408.epn.asc
J0534+2200,B0531+21,1.4080,0.033341858,0.028379999,15.893452,B0531+21/gl98_1408.epn.asc
J0534+2200,B0531+21,1.4080,0.033341858,0.028545000,9.7682724,B0531+21/gl98_1408.epn.asc
J0534+2200,B0531+21,1.4080,0.033341858,0.028710000,6.1361485,B0531+21/gl98_1408.epn.asc
J0534+2200,B0531+21,1.4080,0.033341858,0.028875001,10.520487,B0531+21/gl98_1408.epn.asc
J0534+2200,B0531+21,1.4080,0.033341858,0.029040000,17.054012,B0531+21/gl98_1408.epn.asc
J0534+2200,B0531+21,1.4080,0.033341858,0.029205000,14.152611,B0531+21/gl98_1408.epn.asc
J0534+2200,B0531+21,1.4080,0.033341858,0.029370001,7.2967086,B0531+21/gl98_1408.epn.asc
J0534+2200,B0531+21,1.4080,0.033341858,0.029534999,7.6190867,B0531+21/gl98_1408.epn.asc
J0534+2200,B0531+21,1.4080,0.033341858,0.029700000,13.583077,B0531+21/gl98_1408.epn.asc
J0534+2200,B0531+21,1.4080,0.033341858,0.029865000,20.030634,B0531+21/gl98_1408.epn.asc
J0534+2200,B0531+21,1.4080,0.033341858,0.030029999,22.921289,B0531+21/gl98_1408.epn.asc
J0534+2200,B0531+21,1.4080,0.033341858,0.030195000,21.438351,B0531+21/gl98_1408.epn.asc
J0534+2200,B0531+21,1.4080,0.033341858,0.030360000,16.63492,B0531+21/gl98_1408.epn.asc
J0534+2200,B0531+21,1.4080,0.033341858,0.030525001,3.1595261,B0531+21/gl98_1408.epn.asc
J0534+2200,B0531+21,1.4080,0.033341858,0.030689999,-14.463797,B0531+21/gl98_1408.epn.asc
J0534+2200,B0531+21,1.4080,0.033341858,0.030855000,-19.847507,B0531+21/gl98_1408.epn.asc
J0534+2200,B0531+21,1.4080,0.033341858,0.031020001,-9.9182692,B0531+21/gl98_1408.epn.asc
J0534+2200,B0531+21,1.4080,0.033341858,0.031184999,1.9129984,B0531+21/gl98_1408.epn.asc
J0534+2200,B0531+21,1.4080,0.033341858,0.031350002,3.2347477,B0531+21/gl98_1408.epn.asc
J0534+2200,B0531+21,1.4080,0.033341858,0.031514999,-4.2121811,B0531+21/gl98_1408.epn.asc
J0534+2200,B0531+21,1.4080,0.033341858,0.031679999,-7.8443046,B0531+21/gl98_1408.epn.asc
J0534+2200,B0531+21,1.4080,0.033341858,0.031845000,-5.3619952,B0531+21/gl98_1408.epn.asc
J0534+2200,B0531+21,1.4080,0.033341858,0.032010000,-4.6205263,B0531+21/gl98_1408.epn.asc
J0534+2200,B0531+21,1.4080,0.033341858,0.032175001,-5.2867737,B0531+21/gl98_1408.epn.asc
J0534+2200,B0531+21,1.4080,0.033341858,0.032340001,2.7404349,B0531+21/gl98_1408.epn.asc
J0534+2200,B0531+21,1.4080,0.033341858,0.032504998,14.65767,B0531+21/gl98_1408.epn.asc
J0534+2200,B0531+21,1.4080,0.033341858,0.032669999,11.928204,B0531+21/gl98_1408.epn.asc
J0534+2200,B0531+21,1.4080,0.033341858,0.032834999,1.5046531,B0531+21/gl98_1408.epn.asc
J0835-4510,B0833-45,1.4985,0.089321926,0.000697828,0.0050410102,B0833-45/jnk98_1498.epn.asc
J0835-4510,B0833-45,1.4985,0.089321926,0.001395655,0.0080885459,B0833-45/jnk98_1498.epn.asc
J0835-4510,B0833-45,1.4985,0.089321926,0.002093483,0.006773619,B0833-45/jnk98_1498.epn.asc
J0835-4510,B0833-45,1.4985,0.089321926,0.002791310,0.0068664374,B0833-45/jnk98_1498.epn.asc
J0835-4510,B0833-45,1.4985,0.089321926,0.003489138,0.01062558,B0833-45/jnk98_1498.epn.asc
J0835-4510,B0833-45,1.4985,0.089321926,0.004186966,0.0085990466,B0833-45/jnk98_1498.epn.asc
J0835-4510,B0833-45,1.4985,0.089321926,0.004884793,0.0088929711,B0833-45/jnk98_1498.epn.asc
J0835-4510,B0833-45,1.4985,0.089321926,0.005582620,0.0088929711,B0833-45/jnk98_1498.epn.asc
J0835-4510,B0833-45,1.4985,0.089321926,0.006280448,0.0097128665,B0833-45/jnk98_1498.epn.asc
J0835-4510,B0833-45,1.4985,0.089321926,0.006978276,0.0079802573,B0833-45/jnk98_1498.epn.asc
J0835-4510,B0833-45,1.4985,0.089321926,0.007676103,0.0065725129,B0833-45/jnk98_1498.epn.asc
J0835-4510,B0833-45,1.4985,0.089321926,0.008373931,0.0094034718,B0833-45/jnk98_1498.epn.asc
J0835-4510,B0833-45,1.4985,0.089321926,0.009071759,0.0060620122,B0833-45/jnk98_1498.epn.asc
J0835-4510,B0833-45,1.4985,0.089321926,0.009769586,0.0063559366,B0833-45/jnk98_1498.epn.asc
J0835-4510,B0833-45,1.4985,0.089321926,0.010467414,0.008490758,B0833-45/jnk98_1498.epn.asc
J0835-4510,B0833-45,1.4985,0.089321926,0.011165241,0.0092023658,B0833-45/jnk98_1498.epn.asc
J0835-4510,B0833-45,1.4985,0.089321926,0.011863069,0.0069747255,B0833-45/jnk98_1498.epn.asc
J0835-4510,B0833-45,1.4985,0.089321926,0.012560897,0.010517292,B0833-45/jnk98_1498.epn.asc
J0835-4510,B0833-45,1.4985,0.089321926,0.013258723,0.010826686,B0833-45/jnk98_1498.epn.asc
J0835-4510,B0833-45,1.4985,0.089321926,0.013956551,0.01285322,B0833-45/jnk98_1498.epn.asc
J0835-4510,B0833-45,1.4985,0.089321926,0.014654379,0.011027792,B0833-45/jnk98_1498.epn.asc
J0835-4510,B0833-45,1.4985,0.089321926,0.015352206,0.013054326,B0833-45/jnk98_1498.epn.asc
J0835-4510,B0833-45,1.4985,0.089321926,0.016050035,0.0112289,B0833-45/jnk98_1498.epn.asc
J0835-4510,B0833-45,1.4985,0.089321926,0.016747862,0.013162615,B0833-45/jnk98_1498.epn.asc
J0835-4510,B0833-45,1.4985,0.089321926,0.017445689,0.010006791,B0833-45/jnk98_1498.epn.asc
J0835-4510,B0833-45,1.4985,0.089321926,0.018143518,0.0094034718,B0833-45/jnk98_1498.epn.asc
J0835-4510,B0833-45,1.4985,0.089321926,0.018841345,0.010919505,B0833-45/jnk98_1498.epn.asc
J0835-4510,B0833-45,1.4985,0.089321926,0.019539172,0.0098056849,B0833-45/jnk98_1498.epn.asc
J0835-4510,B0833-45,1.4985,0.089321926,0.020236999,0.012652114,B0833-45/jnk98_1498.epn.asc
J0835-4510,B0833-45,1.4985,0.089321926,0.020934828,0.010718399,B0833-45/jnk98_1498.epn.asc
J0835-4510,B0833-45,1.4985,0.089321926,0.021632655,0.0098056849,B0833-45/jnk98_1498.epn.asc
J0835-4510,B0833-45,1.4985,0.089321926,0.022330482,0.0096045788,B0833-45/jnk98_1498.epn.asc
J0835-4510,B0833-45,1.4985,0.089321926,0.023028310,0.011631113,B0833-45/jnk98_1498.epn.asc
J0835-4510,B0833-45,1.4985,0.089321926,0.023726137,0.0117394,B0833-45/jnk98_1498.epn.asc
J0835-4510,B0833-45,1.4985,0.089321926,0.024423964,0.012652114,B0833-45/jnk98_1498.epn.asc
J0835-4510,B0833-45,1.4985,0.089321926,0.025121793,0.010424473,B0833-45/jnk98_1498.epn.asc
J0835-4510,B0833-45,1.4985,0.089321926,0.025819620,0.0090940772,B0833-45/jnk98_1498.epn.asc
J0835-4510,B0833-45,1.4985,0.089321926,0.026517447,0.0095117604,B0833-45/jnk98_1498.epn.asc
J0835-4510,B0833-45,1.4985,0.089321926,0.027215276,0.011940506,B0833-45/jnk98_1498.epn.asc
J0835-4510,B0833-45,1.4985,0.089321926,0.027913103,0.011136081,B0833-45/jnk98_1498.epn.asc
J0835-4510,B0833-45,1.4985,0.089321926,0.028610930,0.011430005,B0833-45/jnk98_1498.epn.asc
J0835-4510,B0833-45,1.4985,0.089321926,0.029308759,0.010718399,B0833-45/jnk98_1498.epn.asc
J0835-4510,B0833-45,1.4985,0.089321926,0.030006586,0.01011508,B0833-45/jnk98_1498.epn.asc
J0835-4510,B0833-45,1.4985,0.089321926,0.030704413,0.01062558,B0833-45/jnk98_1498.epn.asc
J0835-4510,B0833-45,1.4985,0.089321926,0.031402241,0.010517292,B0833-45/jnk98_1498.epn.asc
J0835-4510,B0833-45,1.4985,0.089321926,0.032100070,0.010006791,B0833-45/jnk98_1498.epn.asc
J0835-4510,B0833-45,1.4985,0.089321926,0.032797895,0.0088001527,B0833-45/jnk98_1498.epn.asc
J0835-4510,B0833-45,1.4985,0.089321926,0.033495724,0.011027792,B0833-45/jnk98_1498.epn.asc
J0835-4510,B0833-45,1.4985,0.089321926,0.034193553,0.0079802573,B0833-45/jnk98_1498.epn.asc
J0835-4510,B0833-45,1.4985,0.089321926,0.034891378,0.0076863328,B0833-45/jnk98_1498.epn.asc
J0835-4510,B0833-45,1.4985,0.089321926,0.035589207,0.0092023658,B0833-45/jnk98_1498.epn.asc
J0835-4510,B0833-45,1.4985,0.089321926,0.036287036,0.0051492984,B0833-45/jnk98_1498.epn.asc
J0835-4510,B0833-45,1.4985,0.089321926,0.036984861,0.0085990466,B0833-45/jnk98_1498.epn.asc
J0835-4510,B0833-45,1.4985,0.089321926,0.037682690,0.0058609056,B0833-45/jnk98_1498.epn.asc
J0835-4510,B0833-45,1.4985,0.089321926,0.038380515,0.0047470857,B0833-45/jnk98_1498.epn.asc
J0835-4510,B0833-45,1.4985,0.089321926,0.039078344,0.0028133702,B0833-45/jnk98_1498.epn.asc
J0835-4510,B0833-45,1.4985,0.089321926,0.039776172,0.0021017629,B0833-45/jnk98_1498.epn.asc
J0835-4510,B0833-45,1.4985,0.089321926,0.040473998,0.0021017629,B0833-45/jnk98_1498.epn.asc
J0835-4510,B0833-45,1.4985,0.089321926,0.041171826,0.0028133702,B0833-45/jnk98_1498.epn.asc
J0835-4510,B0833-45,1.4985,0.089321926,0.041869655,-0.00032698351,B0833-45/jnk98_1498.epn.asc
J0835-4510,B0833-45,1.4985,0.089321926,0.042567480,-0.001750198,B0833-45/jnk98_1498.epn.asc
J0835-4510,B0833-45,1.4985,0.089321926,0.043265309,-0.00043527156,B0833-45/jnk98_1498.epn.asc
J0835-4510,B0833-45,1.4985,0.089321926,0.043963138,-0.001750198,B0833-45/jnk98_1498.epn.asc
J0835-4510,B0833-45,1.4985,0.089321926,0.044660963,-0.0007291963,B0833-45/jnk98_1498.epn.asc
J0835-4510,B0833-45,1.4985,0.089321926,0.045358792,-0.0027557299,B0833-45/jnk98_1498.epn.asc
J0835-4510,B0833-45,1.4985,0.089321926,0.046056621,-0.003977838,B0833-45/jnk98_1498.epn.asc
J0835-4510,B0833-45,1.4985,0.089321926,0.046754446,-0.0050916579,B0833-45/jnk98_1498.epn.asc
J0835-4510,B0833-45,1.4985,0.089321926,0.047452275,-0.0070253736,B0833-45/jnk98_1498.epn.asc
J0835-4510,B0833-45,1.4985,0.089321926,0.048150103,-0.0093613015,B0833-45/jnk98_1498.epn.asc
J0835-4510,B0833-45,1.4985,0.089321926,0.048847929,-0.0080309054,B0833-45/jnk98_1498.epn.asc
J0835-4510,B0833-45,1.4985,0.089321926,0.049545758,-0.0083403001,B0833-45/jnk98_1498.epn.asc
J0835-4510,B0833-45,1.4985,0.089321926,0.050243586,-0.0057104472,B0833-45/jnk98_1498.epn.asc
J0835-4510,B0833-45,1.4985,0.089321926,0.050941411,0.013456539,B0833-45/jnk98_1498.epn.asc
J0835-4510,B0833-45,1.4985,0.089321926,0.051639240,0.15876365,B0833-45/jnk98_1498.epn.asc
J0835-4510,B0833-45,1.4985,0.089321926,0.052337069,0.66810429,B0833-45/jnk98_1498.epn.asc
J0835-4510,B0833-45,1.4985,0.089321926,0.053034894,0.97899926,B0833-45/jnk98_1498.epn.asc
J0835-4510,B0833-45,1.4985,0.089321926,0.053732723,0.99968231,B0833-45/jnk98_1498.epn.asc
J0835-4510,B0833-45,1.4985,0.089321926,0.054430552,0.99989885,B0833-45/jnk98_1498.epn.asc
J0835-4510,B0833-45,1.4985,0.089321926,0.055128377,0.99918729,B0833-45/jnk98_1498.epn.asc
J0835-4510,B0833-45,1.4985,0.089321926,0.055826206,0.99979061,B0833-45/jnk98_1498.epn.asc
J0835-4510,B0833-45,1.4985,0.089321926,0.056524035,0.96846438,B0833-45/jnk98_1498.epn.asc
J0835-4510,B0833-45,1.4985,0.089321926,0.057221860,0.68849337,B0833-45/jnk98_1498.epn.asc
J0835-4510,B0833-45,1.4985,0.089321926,0.057919688,0.31299678,B0833-45/jnk98_1498.epn.asc
J0835-4510,B0833-45,1.4985,0.089321926,0.058617517,0.11435007,B0833-45/jnk98_1498.epn.asc
J0835-4510,B0833-45,1.4985,0.089321926,0.059315342,0.029374884,B0833-45/jnk98_1498.epn.asc
J0835-4510,B0833-45,1.4985,0.089321926,0.060013171,-0.0043800511,B0833-45/jnk98_1498.epn.asc
J0835-4510,B0833-45,1.4985,0.089321926,0.060711000,-0.01056794,B0833-45/jnk98_1498.epn.asc
J0835-4510,B0833-45,1.4985,0.089321926,0.061408825,-0.011078441,B0833-45/jnk98_1498.epn.asc
J0835-4510,B0833-45,1.4985,0.089321926,0.062106654,-0.010165727,B0833-45/jnk98_1498.epn.asc
J0835-4510,B0833-45,1.4985,0.089321926,0.062804483,-0.013507187,B0833-45/jnk98_1498.epn.asc
J0835-4510,B0833-45,1.4985,0.089321926,0.063502312,-0.01330608,B0833-45/jnk98_1498.epn.asc
J0835-4510,B0833-45,1.4985,0.089321926,0.064200141,-0.0139094,B0833-45/jnk98_1498.epn.asc
J0835-4510,B0833-45,1.4985,0.089321926,0.064897962,-0.0094541199,B0833-45/jnk98_1498.epn.asc
J0835-4510,B0833-45,1.4985,0.089321926,0.065595791,-0.0088508008,B0833-45/jnk98_1498.epn.asc
J0835-4510,B0833-45,1.4985,0.089321926,0.066293620,-0.0087425122,B0833-45/jnk98_1498.epn.asc
J0835-4510,B0833-45,1.4985,0.089321926,0.066991448,-0.007938087,B0833-45/jnk98_1498.epn.asc
J0835-4510,B0833-45,1.4985,0.089321926,0.067689277,-0.0076286928,B0833-45/jnk98_1498.epn.asc
J0835-4510,B0833-45,1.4985,0.089321926,0.068387106,-0.0074275862,B0833-45/jnk98_1498.epn.asc
J0835-4510,B0833-45,1.4985,0.089321926,0.069084927,-0.0058032651,B0833-45/jnk98_1498.epn.asc
J0835-4510,B0833-45,1.4985,0.089321926,0.069782756,-0.0027557299,B0833-45/jnk98_1498.epn.asc
J0835-4510,B0833-45,1.4985,0.089321926,0.070480585,-0.0034673372,B0833-45/jnk98_1498.epn.asc
J0835-4510,B0833-45,1.4985,0.089321926,0.071178414,-0.0041789445,B0833-45/jnk98_1498.epn.asc
J0835-4510,B0833-45,1.4985,0.089321926,0.071876243,-0.0015490915,B0833-45/jnk98_1498.epn.asc
J0835-4510,B0833-45,1.4985,0.089321926,0.072574072,0.0012973374,B0833-45/jnk98_1498.epn.asc
J0835-4510,B0833-45,1.4985,0.089321926,0.073271893,-1.7589053e-05,B0833-45/jnk98_1498.epn.asc
J0835-4510,B0833-45,1.4985,0.089321926,0.073969722,-0.00043527156,B0833-45/jnk98_1498.epn.asc
J0835-4510,B0833-45,1.4985,0.089321926,0.074667551,-0.00093030272,B0833-45/jnk98_1498.epn.asc
J0835-4510,B0833-45,1.4985,0.089321926,0.075365379,0.00027633569,B0833-45/jnk98_1498.epn.asc
J0835-4510,B0833-45,1.4985,0.089321926,0.076063208,0.0016995502,B0833-45/jnk98_1498.epn.asc
J0835-4510,B0833-45,1.4985,0.089321926,0.076761030,-0.00052808988,B0833-45/jnk98_1498.epn.asc
J0835-4510,B0833-45,1.4985,0.089321926,0.077458859,0.0024111574,B0833-45/jnk98_1498.epn.asc
J0835-4510,B0833-45,1.4985,0.089321926,0.078156687,0.0023028695,B0833-45/jnk98_1498.epn.asc
J0835-4510,B0833-45,1.4985,0.089321926,0.078854516,0.00047744208,B0833-45/jnk98_1498.epn.asc
J0835-4510,B0833-45,1.4985,0.089321926,0.079552345,0.0048399037,B0833-45/jnk98_1498.epn.asc
J0835-4510,B0833-45,1.4985,0.089321926,0.080250174,0.0024111574,B0833-45/jnk98_1498.epn.asc
J0835-4510,B0833-45,1.4985,0.089321926,0.080947995,0.0039271903,B0833-45/jnk98_1498.epn.asc
J0835-4510,B0833-45,1.4985,0.089321926,0.081645824,0.0045305095,B0833-45/jnk98_1498.epn.asc
J0835-4510,B0833-45,1.4985,0.089321926,0.082343653,0.0037260838,B0833-45/jnk98_1498.epn.asc
J0835-4510,B0833-45,1.4985,0.089321926,0.083041482,0.0037260838,B0833-45/jnk98_1498.epn.asc
J0835-4510,B0833-45,1.4985,0.089321926,0.083739310,0.0038343719,B0833-45/jnk98_1498.epn.asc
J0835-4510,B0833-45,1.4985,0.089321926,0.084437139,0.0048399037,B0833-45/jnk98_1498.epn.asc
J0835-4510,B0833-45,1.4985,0.089321926,0.085134961,0.0061548301,B0833-45/jnk98_1498.epn.asc
J0835-4510,B0833-45,1.4985,0.089321926,0.085832790,0.005551511,B0833-45/jnk98_1498.epn.asc
J0835-4510,B0833-45,1.4985,0.089321926,0.086530618,0.0046387976,B0833-45/jnk98_1498.epn.asc
J0835-4510,B0833-45,1.4985,0.089321926,0.087228447,0.005551511,B0833-45/jnk98_1498.epn.asc
J0835-4510,B0833-45,1.4985,0.089321926,0.087926276,0.0060620122,B0833-45/jnk98_1498.epn.asc
J0835-4510,B0833-45,1.4985,0.089321926,0.088624105,0.0064642248,B0833-45/jnk98_1498.epn.asc
J0835-4510,B0833-45,1.4985,0.089321926,0.089321926,0.0058609056,B0833-45/jnk98_1498.epn.asc
J0332+5434,B0329+54,1.4080,0.714518664,0.001482000,-2.7521405,B0329+54/gl98_1408.epn.asc
J0332+5434,B0329+54,1.4080,0.714518664,0.002964000,-2.7521405,B0329+54/gl98_1408.epn.asc
J0332+5434,B0329+54,1.4080,0.714518664,0.004446000,-2.7521405,B0329+54/gl98_1408.epn.asc
J0332+5434,B0329+54,1.4080,0.714518664,0.005928000,-2.7521405,B0329+54/gl98_1408.epn.asc
J0332+5434,B0329+54,1.4080,0.714518664,0.007410000,-2.7521405,B0329+54/gl98_1408.epn.asc
J0332+5434,B0329+54,1.4080,0.714518664,0.008892000,-2.7521405,B0329+54/gl98_1408.epn.asc
J0332+5434,B0329+54,1.4080,0.714518664,0.010374000,-1.531961,B0329+54/gl98_1408.epn.asc
J0332+5434,B0329+54,1.4080,0.714518664,0.011856000,-0.31178129,B0329+54/gl98_1408.epn.asc
J0332+5434,B0329+54,1.4080,0.714518664,0.013338000,0.90839839,B0329+54/gl98_1408.epn.asc
J0332+5434,B0329+54,1.4080,0.714518664,0.014820000,-2.7521405,B0329+54/gl98_1408.epn.asc
J0332+5434,B0329+54,1.4080,0.714518664,0.016302001,-2.7521405,B0329+54/gl98_1408.epn.asc
J0332+5434,B0329+54,1.4080,0.714518664,0.017783999,-3.9723203,B0329+54/gl98_1408.epn.asc
J0332+5434,B0329+54,1.4080,0.714518664,0.019266000,-1.531961,B0329+54/gl98_1408.epn.asc
J0332+5434,B0329+54,1.4080,0.714518664,0.020748001,0.90839839,B0329+54/gl98_1408.epn.asc
J0332+5434,B0329+54,1.4080,0.714518664,0.022229999,-0.31178129,B0329+54/gl98_1408.epn.asc
J0332+5434,B0329+54,1.4080,0.714518664,0.023712000,-1.531961,B0329+54/gl98_1408.epn.asc
J0332+5434,B0329+54,1.4080,0.714518664,0.025194001,-1.531961,B0329+54/gl98_1408.epn.asc
J0332+5434,B0329+54,1.4080,0.714518664,0.026675999,-1.531961,B0329+54/gl98_1408.epn.asc
J0332+5434,B0329+54,1.4080,0.714518664,0.028158000,-1.531961,B0329+54/gl98_1408.epn.asc
J0332+5434,B0329+54,1.4080,0.714518664,0.029640000,-0.31178129,B0329+54/gl98_1408.epn.asc
J0332+5434,B0329+54,1.4080,0.714518664,0.031122001,0.90839839,B0329+54/gl98_1408.epn.asc
J0332+5434,B0329+54,1.4080,0.714518664,0.032604002,2.3028894,B0329+54/gl98_1408.epn.asc
J0332+5434,B0329+54,1.4080,0.714518664,0.034086000,0.90839839,B0329+54/gl98_1408.epn.asc
J0332+5434,B0329+54,1.4080,0.714518664,0.035567999,-0.31178129,B0329+54/gl98_1408.epn.asc
J0332+5434,B0329+54,1.4080,0.714518664,0.037050001,0.90839839,B0329+54/gl98_1408.epn.asc
J0332+5434,B0329+54,1.4080,0.714518664,0.038532000,-0.31178129,B0329+54/gl98_1408.epn.asc
J0332+5434,B0329+54,1.4080,0.714518664,0.040013999,-1.531961,B0329+54/gl98_1408.epn.asc
J0332+5434,B0329+54,1.4080,0.714518664,0.041496001,-0.31178129,B0329+54/gl98_1408.epn.asc
J0332+5434,B0329+54,1.4080,0.714518664,0.042978000,-0.31178129,B0329+54/gl98_1408.epn.asc
J0332+5434,B0329+54,1.4080,0.714518664,0.044459999,0.90839839,B0329+54/gl98_1408.epn.asc
J0332+5434,B0329+54,1.4080,0.714518664,0.045942001,-0.31178129,B0329+54/gl98_1408.epn.asc
J0332+5434,B0329+54,1.4080,0.714518664,0.047424000,-0.31178129,B0329+54/gl98_1408.epn.asc
J0332+5434,B0329+54,1.4080,0.714518664,0.048905998,-1.531961,B0329+54/gl98_1408.epn.asc
J0332+5434,B0329+54,1.4080,0.714518664,0.050388001,-1.531961,B0329+54/gl98_1408.epn.asc
J0332+5434,B0329+54,1.4080,0.714518664,0.051870000,0.90839839,B0329+54/gl98_1408.epn.asc
J0332+5434,B0329+54,1.4080,0.714518664,0.053351998,2.3028894,B0329+54/gl98_1408.epn.asc
J0332+5434,B0329+54,1.4080,0.714518664,0.054834001,-0.31178129,B0329+54/gl98_1408.epn.asc
J0332+5434,B0329+54,1.4080,0.714518664,0.056315999,-0.31178129,B0329+54/gl98_1408.epn.asc
J0332+5434,B0329+54,1.4080,0.714518664,0.057797998,-0.31178129,B0329+54/gl98_1408.epn.asc
J0332+5434,B0329+54,1.4080,0.714518664,0.059280001,0.90839839,B0329+54/gl98_1408.epn.asc
J0332+5434,B0329+54,1.4080,0.714518664,0.060761999,0.90839839,B0329+54/gl98_1408.epn.asc
J0332+5434,B0329+54,1.4080,0.714518664,0.062244002,2.3028894,B0329+54/gl98_1408.epn.asc
J0332+5434,B0329+54,1.4080,0.714518664,0.063726001,0.90839839,B0329+54/gl98_1408.epn.asc
J0332+5434,B0329+54,1.4080,0.714518664,0.065208003,0.90839839,B0329+54/gl98_1408.epn.asc
J0332+5434,B0329+54,1.4080,0.714518664,0.066689998,0.90839839,B0329+54/gl98_1408.epn.asc
J0332+5434,B0329+54,1.4080,0.714518664,0.068172000,0.90839839,B0329+54/gl98_1408.epn.asc
J0332+5434,B0329+54,1.4080,0.714518664,0.069654003,2.3028894,B0329+54/gl98_1408.epn.asc
J0332+5434,B0329+54,1.4080,0.714518664,0.071135998,0.90839839,B0329+54/gl98_1408.epn.asc
J0332+5434,B0329+54,1.4080,0.714518664,0.072618000,0.90839839,B0329+54/gl98_1408.epn.asc
J0332+5434,B0329+54,1.4080,0.714518664,0.074100003,2.3028894,B0329+54/gl98_1408.epn.asc
J0332+5434,B0329+54,1.4080,0.714518664,0.075581998,0.90839839,B0329+54/gl98_1408.epn.asc
J0332+5434,B0329+54,1.4080,0.714518664,0.077064000,-1.531961,B0329+54/gl98_1408.epn.asc
J0332+5434,B0329+54,1.4080,0.714518664,0.078546003,-0.31178129,B0329+54/gl98_1408.epn.asc
J0332+5434,B0329+54,1.4080,0.714518664,0.080027998,2.3028894,B0329+54/gl98_1408.epn.asc
J0332+5434,B0329+54,1.4080,0.714518664,0.081510000,2.3028894,B0329+54/gl98_1408.epn.asc
J0332+5434,B0329+54,1.4080,0.714518664,0.082992002,-0.31178129,B0329+54/gl98_1408.epn.asc
J0332+5434,B0329+54,1.4080,0.714518664,0.084473997,-0.31178129,B0329+54/gl98_1408.epn.asc
J0332+5434,B0329+54,1.4080,0.714518664,0.085956000,-0.31178129,B0329+54/gl98_1408.epn.asc
J0332+5434,B0329+54,1.4080,0.714518664,0.087438002,-0.31178129,B0329+54/gl98_1408.epn.asc
J0332+5434,B0329+54,1.4080,0.714518664,0.088919997,0.90839839,B0329+54/gl98_1408.epn.asc
J0332+5434,B0329+54,1.4080,0.714518664,0.090402000,-0.31178129,B0329+54/gl98_1408.epn.asc
J0332+5434,B0329+54,1.4080,0.714518664,0.091884002,-1.531961,B0329+54/gl98_1408.epn.asc
J0332+5434,B0329+54,1.4080,0.714518664,0.093365997,-1.531961,B0329+54/gl98_1408.epn.asc
J0332+5434,B0329+54,1.4080,0.714518664,0.094848000,-1.531961,B0329+54/gl98_1408.epn.asc
J0332+5434,B0329+54,1.4080,0.714518664,0.096330002,-1.531961,B0329+54/gl98_1408.epn.asc
J0332+5434,B0329+54,1.4080,0.714518664,0.097811997,-1.531961,B0329+54/gl98_1408.epn.asc
J0332+5434,B0329+54,1.4080,0.714518664,0.099293999,-1.531961,B0329+54/gl98_1408.epn.asc
J0332+5434,B0329+54,1.4080,0.714518664,0.100776002,-1.531961,B0329+54/gl98_1408.epn.asc
J0332+5434,B0329+54,1.4080,0.714518664,0.102257997,-1.531961,B0329+54/gl98_1408.epn.asc
J0332+5434,B0329+54,1.4080,0.714518664,0.103739999,-1.531961,B0329+54/gl98_1408.epn.asc
J0332+5434,B0329+54,1.4080,0.714518664,0.105222002,-1.531961,B0329+54/gl98_1408.epn.asc
J0332+5434,B0329+54,1.4080,0.714518664,0.106703997,-1.531961,B0329+54/gl98_1408.epn.asc
J0332+5434,B0329+54,1.4080,0.714518664,0.108185999,-1.531961,B0329+54/gl98_1408.epn.asc
J0332+5434,B0329+54,1.4080,0.714518664,0.109668002,-3.9723203,B0329+54/gl98_1408.epn.asc
J0332+5434,B0329+54,1.4080,0.714518664,0.111149997,-2.7521405,B0329+54/gl98_1408.epn.asc
J0332+5434,B0329+54,1.4080,0.714518664,0.112631999,-2.7521405,B0329+54/gl98_1408.epn.asc
J0332+5434,B0329+54,1.4080,0.714518664,0.114114001,-0.31178129,B0329+54/gl98_1408.epn.asc
J0332+5434,B0329+54,1.4080,0.714518664,0.115595996,-0.31178129,B0329+54/gl98_1408.epn.asc
J0332+5434,B0329+54,1.4080,0.714518664,0.117077999,-1.531961,B0329+54/gl98_1408.epn.asc
J0332+5434,B0329+54,1.4080,0.714518664,0.118560001,-1.531961,B0329+54/gl98_1408.epn.asc
J0332+5434,B0329+54,1.4080,0.714518664,0.120042004,-1.531961,B0329+54/gl98_1408.epn.asc
J0332+5434,B0329+54,1.4080,0.714518664,0.121523999,-2.7521405,B0329+54/gl98_1408.epn.asc
J0332+5434,B0329+54,1.4080,0.714518664,0.123006001,-2.7521405,B0329+54/gl98_1408.epn.asc
J0332+5434,B0329+54,1.4080,0.714518664,0.124488004,-0.31178129,B0329+54/gl98_1408.epn.asc
J0332+5434,B0329+54,1.4080,0.714518664,0.125970006,-0.31178129,B0329+54/gl98_1408.epn.asc
J0332+5434,B0329+54,1.4080,0.714518664,0.127452001,-1.531961,B0329+54/gl98_1408.epn.asc
J0332+5434,B0329+54,1.4080,0.714518664,0.128933996,-2.7521405,B0329+54/gl98_1408.epn.asc
J0332+5434,B0329+54,1.4080,0.714518664,0.130416006,-2.7521405,B0329+54/gl98_1408.epn.asc
J0332+5434,B0329+54,1.4080,0.714518664,0.131898001,-1.531961,B0329+54/gl98_1408.epn.asc
J0332+5434,B0329+54,1.4080,0.714518664,0.133379996,-0.31178129,B0329+54/gl98_1408.epn.asc
J0332+5434,B0329+54,1.4080,0.714518664,0.134862006,0.90839839,B0329+54/gl98_1408.epn.asc
J0332+5434,B0329+54,1.4080,0.714518664,0.136344001,-1.531961,B0329+54/gl98_1408.epn.asc
J0332+5434,B0329+54,1.4080,0.714518664,0.137825996,-3.9723203,B0329+54/gl98_1408.epn.asc
J0332+5434,B0329+54,1.4080,0.714518664,0.139308006,-2.7521405,B0329+54/gl98_1408.epn.asc
J0332+5434,B0329+54,1.4080,0.714518664,0.140790001,-1.531961,B0329+54/gl98_1408.epn.asc
J0332+5434,B0329+54,1.4080,0.714518664,0.142271996,-0.31178129,B0329+54/gl98_1408.epn.asc
J0332+5434,B0329+54,1.4080,0.714518664,0.143754005,0.90839839,B0329+54/gl98_1408.epn.asc
J0332+5434,B0329+54,1.4080,0.714518664,0.145236000,-0.31178129,B0329+54/gl98_1408.epn.asc
J0332+5434,B0329+54,1.4080,0.714518664,0.146717995,0.90839839,B0329+54/gl98_1408.epn.asc
J0332+5434,B0329+54,1.4080,0.714518664,0.148200005,-0.31178129,B0329+54/gl98_1408.epn.asc
J0332+5434,B0329+54,1.4080,0.714518664,0.149682000,-1.531961,B0329+54/gl98_1408.epn.asc
J0332+5434,B0329+54,1.4080,0.714518664,0.151163995,-1.531961,B0329+54/gl98_1408.epn.asc
J0332+5434,B0329+54,1.4080,0.714518664,0.152646005,-0.31178129,B0329+54/gl98_1408.epn.asc
J0332+5434,B0329+54,1.4080,0.714518664,0.154128000,-1.531961,B0329+54/gl98_1408.epn.asc
J0332+5434,B0329+54,1.4080,0.714518664,0.155609995,-1.531961,B0329+54/gl98_1408.epn.asc
J0332+5434,B0329+54,1.4080,0.714518664,0.157092005,0.90839839,B0329+54/gl98_1408.epn.asc
J0332+5434,B0329+54,1.4080,0.714518664,0.158574000,2.3028894,B0329+54/gl98_1408.epn.asc
J0332+5434,B0329+54,1.4080,0.714518664,0.160055995,2.3028894,B0329+54/gl98_1408.epn.asc
J0332+5434,B0329+54,1.4080,0.714518664,0.161538005,0.90839839,B0329+54/gl98_1408.epn.asc
J0332+5434,B0329+54,1.4080,0.714518664,0.163020000,0.90839839,B0329+54/gl98_1408.epn.asc
J0332+5434,B0329+54,1.4080,0.714518664,0.164501995,0.90839839,B0329+54/gl98_1408.epn.asc
J0332+5434,B0329+54,1.4080,0.714518664,0.165984005,-1.531961,B0329+54/gl98_1408.epn.asc
J0332+5434,B0329+54,1.4080,0.714518664,0.167466000,-1.531961,B0329+54/gl98_1408.epn.asc
J0332+5434,B0329+54,1.4080,0.714518664,0.168947995,-1.531961,B0329+54/gl98_1408.epn.asc
J0332+5434,B0329+54,1.4080,0.714518664,0.170430005,0.90839839,B0329+54/gl98_1408.epn.asc
J0332+5434,B0329+54,1.4080,0.714518664,0.171912000,2.3028894,B0329+54/gl98_1408.epn.asc
J0332+5434,B0329+54,1.4080,0.714518664,0.173393995,3.5230691,B0329+54/gl98_1408.epn.asc
J0332+5434,B0329+54,1.4080,0.714518664,0.174876004,3.5230691,B0329+54/gl98_1408.epn.asc
J0332+5434,B0329+54,1.4080,0.714518664,0.176357999,0.90839839,B0329+54/gl98_1408.epn.asc
J0332+5434,B0329+54,1.4080,0.714518664,0.177839994,0.90839839,B0329+54/gl98_1408.epn.asc
J0332+5434,B0329+54,1.4080,0.714518664,0.179322004,-1.531961,B0329+54/gl98_1408.epn.asc
J0332+5434,B0329+54,1.4080,0.714518664,0.180803999,-1.531961,B0329+54/gl98_1408.epn.asc
J0332+5434,B0329+54,1.4080,0.714518664,0.182285994,-0.31178129,B0329+54/gl98_1408.epn.asc
J0332+5434,B0329+54,1.4080,0.714518664,0.183768004,0.90839839,B0329+54/gl98_1408.epn.asc
J0332+5434,B0329+54,1.4080,0.714518664,0.185249999,0.90839839,B0329+54/gl98_1408.epn.asc
J0332+5434,B0329+54,1.4080,0.714518664,0.186731994,0.90839839,B0329+54/gl98_1408.epn.asc
J0332+5434,B0329+54,1.4080,0.714518664,0.188214004,0.90839839,B0329+54/gl98_1408.epn.asc
J0332+5434,B0329+54,1.4080,0.714518664,0.189695999,0.90839839,B0329+54/gl98_1408.epn.asc
J0332+5434,B0329+54,1.4080,0.714518664,0.191177994,2.3028894,B0329+54/gl98_1408.epn.asc
J0332+5434,B0329+54,1.4080,0.714518664,0.192660004,0.90839839,B0329+54/gl98_1408.epn.asc
J0332+5434,B0329+54,1.4080,0.714518664,0.194141999,0.90839839,B0329+54/gl98_1408.epn.asc
J0332+5434,B0329+54,1.4080,0.714518664,0.195623994,0.90839839,B0329+54/gl98_1408.epn.asc
J0332+5434,B0329+54,1.4080,0.714518664,0.197106004,-0.31178129,B0329+54/gl98_1408.epn.asc
J0332+5434,B0329+54,1.4080,0.714518664,0.198587999,-0.31178129,B0329+54/gl98_1408.epn.asc
J0332+5434,B0329+54,1.4080,0.714518664,0.200069994,2.3028894,B0329+54/gl98_1408.epn.asc
J0332+5434,B0329+54,1.4080,0.714518664,0.201552004,2.3028894,B0329+54/gl98_1408.epn.asc
J0332+5434,B0329+54,1.4080,0.714518664,0.203033999,2.3028894,B0329+54/gl98_1408.epn.asc
J0332+5434,B0329+54,1.4080,0.714518664,0.204515994,0.90839839,B0329+54/gl98_1408.epn.asc
J0332+5434,B0329+54,1.4080,0.714518664,0.205998003,0.90839839,B0329+54/gl98_1408.epn.asc
J0332+5434,B0329+54,1.4080,0.714518664,0.207479998,-0.31178129,B0329+54/gl98_1408.epn.asc
J0332+5434,B0329+54,1.4080,0.714518664,0.208961993,-1.531961,B0329+54/gl98_1408.epn.asc
J0332+5434,B0329+54,1.4080,0.714518664,0.210444003,0.90839839,B0329+54/gl98_1408.epn.asc
J0332+5434,B0329+54,1.4080,0.714518664,0.211925998,0.90839839,B0329+54/gl98_1408.epn.asc
J0332+5434,B0329+54,1.4080,0.714518664,0.213407993,0.90839839,B0329+54/gl98_1408.epn.asc
J0332+5434,B0329+54,1.4080,0.714518664,0.214890003,-0.31178129,B0329+54/gl98_1408.epn.asc
J0332+5434,B0329+54,1.4080,0.714518664,0.216371998,-0.31178129,B0329+54/gl98_1408.epn.asc
J0332+5434,B0329+54,1.4080,0.714518664,0.217853993,-0.31178129,B0329+54/gl98_1408.epn.asc
J0332+5434,B0329+54,1.4080,0.714518664,0.219336003,-0.31178129,B0329+54/gl98_1408.epn.asc
J0332+5434,B0329+54,1.4080,0.714518664,0.220817998,0.90839839,B0329+54/gl98_1408.epn.asc
J0332+5434,B0329+54,1.4080,0.714518664,0.222299993,-1.531961,B0329+54/gl98_1408.epn.asc
J0332+5434,B0329+54,1.4080,0.714518664,0.223782003,-2.7521405,B0329+54/gl98_1408.epn.asc
J0332+5434,B0329+54,1.4080,0.714518664,0.225263998,-0.31178129,B0329+54/gl98_1408.epn.asc
J0332+5434,B0329+54,1.4080,0.714518664,0.226745993,0.90839839,B0329+54/gl98_1408.epn.asc
J0332+5434,B0329+54,1.4080,0.714518664,0.228228003,0.90839839,B0329+54/gl98_1408.epn.asc
J0332+5434,B0329+54,1.4080,0.714518664,0.229709998,-0.31178129,B0329+54/gl98_1408.epn.asc
J0332+5434,B0329+54,1.4080,0.714518664,0.231191993,-2.7521405,B0329+54/gl98_1408.epn.asc
J0332+5434,B0329+54,1.4080,0.714518664,0.232674003,-2.7521405,B0329+54/gl98_1408.epn.asc
J0332+5434,B0329+54,1.4080,0.714518664,0.234155998,-1.531961,B0329+54/gl98_1408.epn.asc
J0332+5434,B0329+54,1.4080,0.714518664,0.235637993,-1.531961,B0329+54/gl98_1408.epn.asc
J0332+5434,B0329+54,1.4080,0.714518664,0.237120003,-0.31178129,B0329+54/gl98_1408.epn.asc
J0332+5434,B0329+54,1.4080,0.714518664,0.238601997,-1.531961,B0329+54/gl98_1408.epn.asc
J0332+5434,B0329+54,1.4080,0.714518664,0.240084007,-1.531961,B0329+54/gl98_1408.epn.asc
J0332+5434,B0329+54,1.4080,0.714518664,0.241566002,-0.31178129,B0329+54/gl98_1408.epn.asc
J0332+5434,B0329+54,1.4080,0.714518664,0.243047997,-1.531961,B0329+54/gl98_1408.epn.asc
J0332+5434,B0329+54,1.4080,0.714518664,0.244530007,-0.31178129,B0329+54/gl98_1408.epn.asc
J0332+5434,B0329+54,1.4080,0.714518664,0.246012002,-1.531961,B0329+54/gl98_1408.epn.asc
J0332+5434,B0329+54,1.4080,0.714518664,0.247493997,-1.531961,B0329+54/gl98_1408.epn.asc
J0332+5434,B0329+54,1.4080,0.714518664,0.248976007,-0.31178129,B0329+54/gl98_1408.epn.asc
J0332+5434,B0329+54,1.4080,0.714518664,0.250458002,0.90839839,B0329+54/gl98_1408.epn.asc
J0332+5434,B0329+54,1.4080,0.714518664,0.251940012,-1.531961,B0329+54/gl98_1408.epn.asc
J0332+5434,B0329+54,1.4080,0.714518664,0.253421992,-0.31178129,B0329+54/gl98_1408.epn.asc
J0332+5434,B0329+54,1.4080,0.714518664,0.254904002,-0.31178129,B0329+54/gl98_1408.epn.asc
J0332+5434,B0329+54,1.4080,0.714518664,0.256386012,-1.531961,B0329+54/gl98_1408.epn.asc
J0332+5434,B0329+54,1.4080,0.714518664,0.257867992,-2.7521405,B0329+54/gl98_1408.epn.asc
J0332+5434,B0329+54,1.4080,0.714518664,0.259350002,-2.7521405,B0329+54/gl98_1408.epn.asc
J0332+5434,B0329+54,1.4080,0.714518664,0.260832012,-1.531961,B0329+54/gl98_1408.epn.asc
J0332+5434,B0329+54,1.4080,0.714518664,0.262313992,-1.531961,B0329+54/gl98_1408.epn.asc
J0332+5434,B0329+54,1.4080,0.714518664,0.263796002,-0.31178129,B0329+54/gl98_1408.epn.asc
J0332+5434,B0329+54,1.4080,0.714518664,0.265278012,-1.531961,B0329+54/gl98_1408.epn.asc
J0332+5434,B0329+54,1.4080,0.714518664,0.266759992,-1.531961,B0329+54/gl98_1408.epn.asc
J0332+5434,B0329+54,1.4080,0.714518664,0.268242002,-1.531961,B0329+54/gl98_1408.epn.asc
J0332+5434,B0329+54,1.4080,0.714518664,0.269724011,0.90839839,B0329+54/gl98_1408.epn.asc
J0332+5434,B0329+54,1.4080,0.714518664,0.271205992,0.90839839,B0329+54/gl98_1408.epn.asc
J0332+5434,B0329+54,1.4080,0.714518664,0.272688001,-1.531961,B0329+54/gl98_1408.epn.asc
J0332+5434,B0329+54,1.4080,0.714518664,0.274170011,-2.7521405,B0329+54/gl98_1408.epn.asc
J0332+5434,B0329+54,1.4080,0.714518664,0.275651991,-1.531961,B0329+54/gl98_1408.epn.asc
J0332+5434,B0329+54,1.4080,0.714518664,0.277134001,-2.7521405,B0329+54/gl98_1408.epn.asc
J0332+5434,B0329+54,1.4080,0.714518664,0.278616011,-1.531961,B0329+54/gl98_1408.epn.asc
J0332+5434,B0329+54,1.4080,0.714518664,0.280097991,-1.531961,B0329+54/gl98_1408.epn.asc
J0332+5434,B0329+54,1.4080,0.714518664,0.281580001,-1.531961,B0329+54/gl98_1408.epn.asc
J0332+5434,B0329+54,1.4080,0.714518664,0.283062011,-1.531961,B0329+54/gl98_1408.epn.asc
J0332+5434,B0329+54,1.4080,0.714518664,0.284543991,-1.531961,B0329+54/gl98_1408.epn.asc
J0332+5434,B0329+54,1.4080,0.714518664,0.286026001,-2.7521405,B0329+54/gl98_1408.epn.asc
J0332+5434,B0329+54,1.4080,0.714518664,0.287508011,-2.7521405,B0329+54/gl98_1408.epn.asc
J0332+5434,B0329+54,1.4080,0.714518664,0.288989991,-1.531961,B0329+54/gl98_1408.epn.asc
J0332+5434,B0329+54,1.4080,0.714518664,0.290472001,-3.9723203,B0329+54/gl98_1408.epn.asc
J0332+5434,B0329+54,1.4080,0.714518664,0.291954011,-2.7521405,B0329+54/gl98_1408.epn.asc
J0332+5434,B0329+54,1.4080,0.714518664,0.293435991,-1.531961,B0329+54/gl98_1408.epn.asc
J0332+5434,B0329+54,1.4080,0.714518664,0.294918001,-1.531961,B0329+54/gl98_1408.epn.asc
J0332+5434,B0329+54,1.4080,0.714518664,0.296400011,-0.31178129,B0329+54/gl98_1408.epn.asc
J0332+5434,B0329+54,1.4080,0.714518664,0.297881991,-1.531961,B0329+54/gl98_1408.epn.asc
J0332+5434,B0329+54,1.4080,0.714518664,0.299364001,-3.9723203,B0329+54/gl98_1408.epn.asc
J0332+5434,B0329+54,1.4080,0.714518664,0.300846010,-2.7521405,B0329+54/gl98_1408.epn.asc
J0332+5434,B0329+54,1.4080,0.714518664,0.302327991,-1.531961,B0329+54/gl98_1408.epn.asc
J0332+5434,B0329+54,1.4080,0.714518664,0.303810000,0.90839839,B0329+54/gl98_1408.epn.asc
J0332+5434,B0329+54,1.4080,0.714518664,0.305292010,0.90839839,B0329+54/gl98_1408.epn.asc
J0332+5434,B0329+54,1.4080,0.714518664,0.306773990,0.90839839,B0329+54/gl98_1408.epn.asc
J0332+5434,B0329+54,1.4080,0.714518664,0.308256000,-0.31178129,B0329+54/gl98_1408.epn.asc
J0332+5434,B0329+54,1.4080,0.714518664,0.309738010,2.3028894,B0329+54/gl98_1408.epn.asc
J0332+5434,B0329+54,1.4080,0.714518664,0.311219990,3.5230691,B0329+54/gl98_1408.epn.asc
J0332+5434,B0329+54,1.4080,0.714518664,0.312702000,3.5230691,B0329+54/gl98_1408.epn.asc
J0332+5434,B0329+54,1.4080,0.714518664,0.314184010,3.5230691,B0329+54/gl98_1408.epn.asc
J0332+5434,B0329+54,1.4080,0.714518664,0.315665990,3.5230691,B0329+54/gl98_1408.epn.asc
J0332+5434,B0329+54,1.4080,0.714518664,0.317148000,4.7432489,B0329+54/gl98_1408.epn.asc
J0332+5434,B0329+54,1.4080,0.714518664,0.318630010,9.7982788,B0329+54/gl98_1408.epn.asc
J0332+5434,B0329+54,1.4080,0.714518664,0.320111990,12.238638,B0329+54/gl98_1408.epn.asc
J0332+5434,B0329+54,1.4080,0.714518664,0.321594000,18.513847,B0329+54/gl98_1408.epn.asc
J0332+5434,B0329+54,1.4080,0.714518664,0.323076010,27.229418,B0329+54/gl98_1408.epn.asc
J0332+5434,B0329+54,1.4080,0.714518664,0.324557990,43.440376,B0329+54/gl98_1408.epn.asc
J0332+5434,B0329+54,1.4080,0.714518664,0.326040000,76.036606,B0329+54/gl98_1408.epn.asc
J0332+5434,B0329+54,1.4080,0.714518664,0.327522010,144.71529,B0329+54/gl98_1408.epn.asc
J0332+5434,B0329+54,1.4080,0.714518664,0.329003990,299.6781,B0329+54/gl98_1408.epn.asc
J0332+5434,B0329+54,1.4080,0.714518664,0.330486000,625.98901,B0329+54/gl98_1408.epn.asc
J0332+5434,B0329+54,1.4080,0.714518664,0.331968009,1185.8772,B0329+54/gl98_1408.epn.asc
J0332+5434,B0329+54,1.4080,0.714518664,0.333449990,1795.967,B0329+54/gl98_1408.epn.asc
J0332+5434,B0329+54,1.4080,0.714518664,0.334931999,2054.645,B0329+54/gl98_1408.epn.asc
J0332+5434,B0329+54,1.4080,0.714518664,0.336414009,1817.233,B0329+54/gl98_1408.epn.asc
J0332+5434,B0329+54,1.4080,0.714518664,0.337895989,1410.9132,B0329+54/gl98_1408.epn.asc
J0332+5434,B0329+54,1.4080,0.714518664,0.339377999,1142.125,B0329+54/gl98_1408.epn.asc
J0332+5434,B0329+54,1.4080,0.714518664,0.340860009,1052.1803,B0329+54/gl98_1408.epn.asc
J0332+5434,B0329+54,1.4080,0.714518664,0.342341989,1103.4279,B0329+54/gl98_1408.epn.asc
J0332+5434,B0329+54,1.4080,0.714518664,0.343823999,1283.4916,B0329+54/gl98_1408.epn.asc
J0332+5434,B0329+54,1.4080,0.714518664,0.345306009,1623.3988,B0329+54/gl98_1408.epn.asc
J0332+5434,B0329+54,1.4080,0.714518664,0.346787989,2157.1401,B0329+54/gl98_1408.epn.asc
J0332+5434,B0329+54,1.4080,0.714518664,0.348269999,2878.4407,B0329+54/gl98_1408.epn.asc
J0332+5434,B0329+54,1.4080,0.714518664,0.349752009,3690.906,B0329+54/gl98_1408.epn.asc
J0332+5434,B0329+54,1.4080,0.714518664,0.351233989,4454.5644,B0329+54/gl98_1408.epn.asc
J0332+5434,B0329+54,1.4080,0.714518664,0.352715999,5314.6167,B0329+54/gl98_1408.epn.asc
J0332+5434,B0329+54,1.4080,0.714518664,0.354198009,6955.7583,B0329+54/gl98_1408.epn.asc
J0332+5434,B0329+54,1.4080,0.714518664,0.355679989,9458.3467,B0329+54/gl98_1408.epn.asc
J0332+5434,B0329+54,1.4080,0.714518664,0.357161999,11418.304,B0329+54/gl98_1408.epn.asc
J0332+5434,B0329+54,1.4080,0.714518664,0.358644009,11263.167,B0329+54/gl98_1408.epn.asc
J0332+5434,B0329+54,1.4080,0.714518664,0.360125989,9010.7148,B0329+54/gl98_1408.epn.asc
J0332+5434,B0329+54,1.4080,0.714518664,0.361607999,6127.082,B0329+54/gl98_1408.epn.asc
J0332+5434,B0329+54,1.4080,0.714518664,0.363090008,3970.8501,B0329+54/gl98_1408.epn.asc
J0332+5434,B0329+54,1.4080,0.714518664,0.364571989,2815.863,B0329+54/gl98_1408.epn.asc
J0332+5434,B0329+54,1.4080,0.714518664,0.366053998,2328.4883,B0329+54/gl98_1408.epn.asc
J0332+5434,B0329+54,1.4080,0.714518664,0.367536008,2157.1401,B0329+54/gl98_1408.epn.asc
J0332+5434,B0329+54,1.4080,0.714518664,0.369017988,2050.9846,B0329+54/gl98_1408.epn.asc
J0332+5434,B0329+54,1.4080,0.714518664,0.370499998,1982.1316,B0329+54/gl98_1408.epn.asc
J0332+5434,B0329+54,1.4080,0.714518664,0.371982008,2082.1863,B0329+54/gl98_1408.epn.asc
J0332+5434,B0329+54,1.4080,0.714518664,0.373463988,2429.5889,B0329+54/gl98_1408.epn.asc
J0332+5434,B0329+54,1.4080,0.714518664,0.374945998,2937.1836,B0329+54/gl98_1408.epn.asc
J0332+5434,B0329+54,1.4080,0.714518664,0.376428008,3250.9441,B0329+54/gl98_1408.epn.asc
J0332+5434,B0329+54,1.4080,0.714518664,0.377909988,2918.3579,B0329+54/gl98_1408.epn.asc
J0332+5434,B0329+54,1.4080,0.714518664,0.379391998,2004.6178,B0329+54/gl98_1408.epn.asc
J0332+5434,B0329+54,1.4080,0.714518664,0.380874008,1134.6296,B0329+54/gl98_1408.epn.asc
J0332+5434,B0329+54,1.4080,0.714518664,0.382355988,600.88818,B0329+54/gl98_1408.epn.asc
J0332+5434,B0329+54,1.4080,0.714518664,0.383837998,330.87985,B0329+54/gl98_1408.epn.asc
J0332+5434,B0329+54,1.4080,0.714518664,0.385320008,201.01787,B0329+54/gl98_1408.epn.asc
J0332+5434,B0329+54,1.4080,0.714518664,0.386801988,130.94469,B0329+54/gl98_1408.epn.asc
J0332+5434,B0329+54,1.4080,0.714518664,0.388283998,89.632889,B0329+54/gl98_1408.epn.asc
J0332+5434,B0329+54,1.4080,0.714518664,0.389766008,64.706367,B0329+54/gl98_1408.epn.asc
J0332+5434,B0329+54,1.4080,0.714518664,0.391247988,47.275227,B0329+54/gl98_1408.epn.asc
J0332+5434,B0329+54,1.4080,0.714518664,0.392729998,34.724808,B0329+54/gl98_1408.epn.asc
J0332+5434,B0329+54,1.4080,0.714518664,0.394212008,26.009237,B0329+54/gl98_1408.epn.asc
J0332+5434,B0329+54,1.4080,0.714518664,0.395693988,19.734028,B0329+54/gl98_1408.epn.asc
J0332+5434,B0329+54,1.4080,0.714518664,0.397175997,13.458818,B0329+54/gl98_1408.epn.asc
J0332+5434,B0329+54,1.4080,0.714518664,0.398658007,7.1836081,B0329+54/gl98_1408.epn.asc
J0332+5434,B0329+54,1.4080,0.714518664,0.400139987,4.7432489,B0329+54/gl98_1408.epn.asc
J0332+5434,B0329+54,1.4080,0.714518664,0.401621997,4.7432489,B0329+54/gl98_1408.epn.asc
J0332+5434,B0329+54,1.4080,0.714518664,0.403104007,7.1836081,B0329+54/gl98_1408.epn.asc
J0332+5434,B0329+54,1.4080,0.714518664,0.404585987,7.1836081,B0329+54/gl98_1408.epn.asc
J0332+5434,B0329+54,1.4080,0.714518664,0.406067997,4.7432489,B0329+54/gl98_1408.epn.asc
J0332+5434,B0329+54,1.4080,0.714518664,0.407550007,4.7432489,B0329+54/gl98_1408.epn.asc
J0332+5434,B0329+54,1.4080,0.714518664,0.409031987,3.5230691,B0329+54/gl98_1408.epn.asc
J0332+5434,B0329+54,1.4080,0.714518664,0.410513997,2.3028894,B0329+54/gl98_1408.epn.asc
J0332+5434,B0329+54,1.4080,0.714518664,0.411996007,2.3028894,B0329+54/gl98_1408.epn.asc
J0332+5434,B0329+54,1.4080,0.714518664,0.413477987,3.5230691,B0329+54/gl98_1408.epn.asc
J0332+5434,B0329+54,1.4080,0.714518664,0.414959997,2.3028894,B0329+54/gl98_1408.epn.asc
J0332+5434,B0329+54,1.4080,0.714518664,0.416442007,0.90839839,B0329+54/gl98_1408.epn.asc
J0332+5434,B0329+54,1.4080,0.714518664,0.417923987,0.90839839,B0329+54/gl98_1408.epn.asc
J0332+5434,B0329+54,1.4080,0.714518664,0.419405997,0.90839839,B0329+54/gl98_1408.epn.asc
J0332+5434,B0329+54,1.4080,0.714518664,0.420888007,0.90839839,B0329+54/gl98_1408.epn.asc
J0332+5434,B0329+54,1.4080,0.714518664,0.422369987,0.90839839,B0329+54/gl98_1408.epn.asc
J0332+5434,B0329+54,1.4080,0.714518664,0.423851997,2.3028894,B0329+54/gl98_1408.epn.asc
J0332+5434,B0329+54,1.4080,0.714518664,0.425334007,-0.31178129,B0329+54/gl98_1408.epn.asc
J0332+5434,B0329+54,1.4080,0.714518664,0.426815987,0.90839839,B0329+54/gl98_1408.epn.asc
J0332+5434,B0329+54,1.4080,0.714518664,0.428297997,0.90839839,B0329+54/gl98_1408.epn.asc
J0332+5434,B0329+54,1.4080,0.714518664,0.429780006,2.3028894,B0329+54/gl98_1408.epn.asc
J0332+5434,B0329+54,1.4080,0.714518664,0.431261986,0.90839839,B0329+54/gl98_1408.epn.asc
J0332+5434,B0329+54,1.4080,0.714518664,0.432743996,-0.31178129,B0329+54/gl98_1408.epn.asc
J0332+5434,B0329+54,1.4080,0.714518664,0.434226006,0.90839839,B0329+54/gl98_1408.epn.asc
J0332+5434,B0329+54,1.4080,0.714518664,0.435707986,0.90839839,B0329+54/gl98_1408.epn.asc
J0332+5434,B0329+54,1.4080,0.714518664,0.437189996,-0.31178129,B0329+54/gl98_1408.epn.asc
J0332+5434,B0329+54,1.4080,0.714518664,0.438672006,-0.31178129,B0329+54/gl98_1408.epn.asc
J0332+5434,B0329+54,1.4080,0.714518664,0.440153986,-1.531961,B0329+54/gl98_1408.epn.asc
J0332+5434,B0329+54,1.4080,0.714518664,0.441635996,-0.31178129,B0329+54/gl98_1408.epn.asc
J0332+5434,B0329+54,1.4080,0.714518664,0.443118006,-0.31178129,B0329+54/gl98_1408.epn.asc
J0332+5434,B0329+54,1.4080,0.714518664,0.444599986,0.90839839,B0329+54/gl98_1408.epn.asc
J0332+5434,B0329+54,1.4080,0.714518664,0.446081996,0.90839839,B0329+54/gl98_1408.epn.asc
J0332+5434,B0329+54,1.4080,0.714518664,0.447564006,-0.31178129,B0329+54/gl98_1408.epn.asc
J0332+5434,B0329+54,1.4080,0.714518664,0.449045986,-2.7521405,B0329+54/gl98_1408.epn.asc
J0332+5434,B0329+54,1.4080,0.714518664,0.450527996,-2.7521405,B0329+54/gl98_1408.epn.asc
J0332+5434,B0329+54,1.4080,0.714518664,0.452010006,-1.531961,B0329+54/gl98_1408.epn.asc
J0332+5434,B0329+54,1.4080,0.714518664,0.453491986,-0.31178129,B0329+54/gl98_1408.epn.asc
J0332+5434,B0329+54,1.4080,0.714518664,0.454973996,-2.7521405,B0329+54/gl98_1408.epn.asc
J0332+5434,B0329+54,1.4080,0.714518664,0.456456006,-0.31178129,B0329+54/gl98_1408.epn.asc
J0332+5434,B0329+54,1.4080,0.714518664,0.457937986,-0.31178129,B0329+54/gl98_1408.epn.asc
J0332+5434,B0329+54,1.4080,0.714518664,0.459419996,0.90839839,B0329+54/gl98_1408.epn.asc
J0332+5434,B0329+54,1.4080,0.714518664,0.460902005,-0.31178129,B0329+54/gl98_1408.epn.asc
J0332+5434,B0329+54,1.4080,0.714518664,0.462383986,-0.31178129,B0329+54/gl98_1408.epn.asc
J0332+5434,B0329+54,1.4080,0.714518664,0.463865995,0.90839839,B0329+54/gl98_1408.epn.asc
J0332+5434,B0329+54,1.4080,0.714518664,0.465348005,0.90839839,B0329+54/gl98_1408.epn.asc
J0332+5434,B0329+54,1.4080,0.714518664,0.466829985,0.90839839,B0329+54/gl98_1408.epn.asc
J0332+5434,B0329+54,1.4080,0.714518664,0.468311995,0.90839839,B0329+54/gl98_1408.epn.asc
J0332+5434,B0329+54,1.4080,0.714518664,0.469794005,0.90839839,B0329+54/gl98_1408.epn.asc
J0332+5434,B0329+54,1.4080,0.714518664,0.471275985,-0.31178129,B0329+54/gl98_1408.epn.asc
J0332+5434,B0329+54,1.4080,0.714518664,0.472757995,-1.531961,B0329+54/gl98_1408.epn.asc
J0332+5434,B0329+54,1.4080,0.714518664,0.474240005,-1.531961,B0329+54/gl98_1408.epn.asc
J0332+5434,B0329+54,1.4080,0.714518664,0.475721985,-1.531961,B0329+54/gl98_1408.epn.asc
J0332+5434,B0329+54,1.4080,0.714518664,0.477203995,-1.531961,B0329+54/gl98_1408.epn.asc
J0332+5434,B0329+54,1.4080,0.714518664,0.478686005,-1.531961,B0329+54/gl98_1408.epn.asc
J0332+5434,B0329+54,1.4080,0.714518664,0.480168015,0.90839839,B0329+54/gl98_1408.epn.asc
J0332+5434,B0329+54,1.4080,0.714518664,0.481649995,-0.31178129,B0329+54/gl98_1408.epn.asc
J0332+5434,B0329+54,1.4080,0.714518664,0.483132005,-0.31178129,B0329+54/gl98_1408.epn.asc
J0332+5434,B0329+54,1.4080,0.714518664,0.484614015,2.3028894,B0329+54/gl98_1408.epn.asc
J0332+5434,B0329+54,1.4080,0.714518664,0.486095995,2.3028894,B0329+54/gl98_1408.epn.asc
J0332+5434,B0329+54,1.4080,0.714518664,0.487578005,0.90839839,B0329+54/gl98_1408.epn.asc
J0332+5434,B0329+54,1.4080,0.714518664,0.489060014,2.3028894,B0329+54/gl98_1408.epn.asc
J0332+5434,B0329+54,1.4080,0.714518664,0.490541995,0.90839839,B0329+54/gl98_1408.epn.asc
J0332+5434,B0329+54,1.4080,0.714518664,0.492024004,0.90839839,B0329+54/gl98_1408.epn.asc
J0332+5434,B0329+54,1.4080,0.714518664,0.493506014,-0.31178129,B0329+54/gl98_1408.epn.asc
J0332+5434,B0329+54,1.4080,0.714518664,0.494987994,0.90839839,B0329+54/gl98_1408.epn.asc
J0332+5434,B0329+54,1.4080,0.714518664,0.496470004,0.90839839,B0329+54/gl98_1408.epn.asc
J0332+5434,B0329+54,1.4080,0.714518664,0.497952014,2.3028894,B0329+54/gl98_1408.epn.asc
J0332+5434,B0329+54,1.4080,0.714518664,0.499433994,0.90839839,B0329+54/gl98_1408.epn.asc
J0332+5434,B0329+54,1.4080,0.714518664,0.500916004,0.90839839,B0329+54/gl98_1408.epn.asc
J0332+5434,B0329+54,1.4080,0.714518664,0.502398014,-1.531961,B0329+54/gl98_1408.epn.asc
J0332+5434,B0329+54,1.4080,0.714518664,0.503880024,-0.31178129,B0329+54/gl98_1408.epn.asc
J0332+5434,B0329+54,1.4080,0.714518664,0.505361974,-1.531961,B0329+54/gl98_1408.epn.asc
J0332+5434,B0329+54,1.4080,0.714518664,0.506843984,-1.531961,B0329+54/gl98_1408.epn.asc
J0332+5434,B0329+54,1.4080,0.714518664,0.508325994,0.90839839,B0329+54/gl98_1408.epn.asc
J0332+5434,B0329+54,1.4080,0.714518664,0.509808004,0.90839839,B0329+54/gl98_1408.epn.asc
J0332+5434,B0329+54,1.4080,0.714518664,0.511290014,0.90839839,B0329+54/gl98_1408.epn.asc
J0332+5434,B0329+54,1.4080,0.714518664,0.512772024,0.90839839,B0329+54/gl98_1408.epn.asc
J0332+5434,B0329+54,1.4080,0.714518664,0.514253974,0.90839839,B0329+54/gl98_1408.epn.asc
J0332+5434,B0329+54,1.4080,0.714518664,0.515735984,3.5230691,B0329+54/gl98_1408.epn.asc
J0332+5434,B0329+54,1.4080,0.714518664,0.517217994,2.3028894,B0329+54/gl98_1408.epn.asc
J0332+5434,B0329+54,1.4080,0.714518664,0.518700004,2.3028894,B0329+54/gl98_1408.epn.asc
J0332+5434,B0329+54,1.4080,0.714518664,0.520182014,2.3028894,B0329+54/gl98_1408.epn.asc
J0332+5434,B0329+54,1.4080,0.714518664,0.521664023,2.3028894,B0329+54/gl98_1408.epn.asc
J0332+5434,B0329+54,1.4080,0.714518664,0.523145974,2.3028894,B0329+54/gl98_1408.epn.asc
J0332+5434,B0329+54,1.4080,0.714518664,0.524627984,5.9634285,B0329+54/gl98_1408.epn.asc
J0332+5434,B0329+54,1.4080,0.714518664,0.526109993,5.9634285,B0329+54/gl98_1408.epn.asc
J0332+5434,B0329+54,1.4080,0.714518664,0.527592003,4.7432489,B0329+54/gl98_1408.epn.asc
J0332+5434,B0329+54,1.4080,0.714518664,0.529074013,3.5230691,B0329+54/gl98_1408.epn.asc
J0332+5434,B0329+54,1.4080,0.714518664,0.530556023,4.7432489,B0329+54/gl98_1408.epn.asc
J0332+5434,B0329+54,1.4080,0.714518664,0.532037973,4.7432489,B0329+54/gl98_1408.epn.asc
J0332+5434,B0329+54,1.4080,0.714518664,0.533519983,0.90839839,B0329+54/gl98_1408.epn.asc
J0332+5434,B0329+54,1.4080,0.714518664,0.535001993,0.90839839,B0329+54/gl98_1408.epn.asc
J0332+5434,B0329+54,1.4080,0.714518664,0.536484003,-0.31178129,B0329+54/gl98_1408.epn.asc
J0332+5434,B0329+54,1.4080,0.714518664,0.537966013,0.90839839,B0329+54/gl98_1408.epn.asc
J0332+5434,B0329+54,1.4080,0.714518664,0.539448023,2.3028894,B0329+54/gl98_1408.epn.asc
J0332+5434,B0329+54,1.4080,0.714518664,0.540929973,4.7432489,B0329+54/gl98_1408.epn.asc
J0332+5434,B0329+54,1.4080,0.714518664,0.542411983,4.7432489,B0329+54/gl98_1408.epn.asc
J0332+5434,B0329+54,1.4080,0.714518664,0.543893993,5.9634285,B0329+54/gl98_1408.epn.asc
J0332+5434,B0329+54,1.4080,0.714518664,0.545376003,3.5230691,B0329+54/gl98_1408.epn.asc
J0332+5434,B0329+54,1.4080,0.714518664,0.546858013,0.90839839,B0329+54/gl98_1408.epn.asc
J0332+5434,B0329+54,1.4080,0.714518664,0.548340023,-0.31178129,B0329+54/gl98_1408.epn.asc
J0332+5434,B0329+54,1.4080,0.714518664,0.549821973,-0.31178129,B0329+54/gl98_1408.epn.asc
J0332+5434,B0329+54,1.4080,0.714518664,0.551303983,-1.531961,B0329+54/gl98_1408.epn.asc
J0332+5434,B0329+54,1.4080,0.714518664,0.552785993,-1.531961,B0329+54/gl98_1408.epn.asc
J0332+5434,B0329+54,1.4080,0.714518664,0.554268003,0.90839839,B0329+54/gl98_1408.epn.asc
J0332+5434,B0329+54,1.4080,0.714518664,0.555750012,0.90839839,B0329+54/gl98_1408.epn.asc
J0332+5434,B0329+54,1.4080,0.714518664,0.557232022,0.90839839,B0329+54/gl98_1408.epn.asc
J0332+5434,B0329+54,1.4080,0.714518664,0.558713973,2.3028894,B0329+54/gl98_1408.epn.asc
J0332+5434,B0329+54,1.4080,0.714518664,0.560195982,0.90839839,B0329+54/gl98_1408.epn.asc
J0332+5434,B0329+54,1.4080,0.714518664,0.561677992,0.90839839,B0329+54/gl98_1408.epn.asc
J0332+5434,B0329+54,1.4080,0.714518664,0.563160002,0.90839839,B0329+54/gl98_1408.epn.asc
J0332+5434,B0329+54,1.4080,0.714518664,0.564642012,2.3028894,B0329+54/gl98_1408.epn.asc
J0332+5434,B0329+54,1.4080,0.714518664,0.566124022,2.3028894,B0329+54/gl98_1408.epn.asc
J0332+5434,B0329+54,1.4080,0.714518664,0.567605972,2.3028894,B0329+54/gl98_1408.epn.asc
J0332+5434,B0329+54,1.4080,0.714518664,0.569087982,0.90839839,B0329+54/gl98_1408.epn.asc
J0332+5434,B0329+54,1.4080,0.714518664,0.570569992,-0.31178129,B0329+54/gl98_1408.epn.asc
J0332+5434,B0329+54,1.4080,0.714518664,0.572052002,0.90839839,B0329+54/gl98_1408.epn.asc
J0332+5434,B0329+54,1.4080,0.714518664,0.573534012,2.3028894,B0329+54/gl98_1408.epn.asc
J0332+5434,B0329+54,1.4080,0.714518664,0.575016022,0.90839839,B0329+54/gl98_1408.epn.asc
J0332+5434,B0329+54,1.4080,0.714518664,0.576497972,-0.31178129,B0329+54/gl98_1408.epn.asc
J0332+5434,B0329+54,1.4080,0.714518664,0.577979982,-0.31178129,B0329+54/gl98_1408.epn.asc
J0332+5434,B0329+54,1.4080,0.714518664,0.579461992,-1.531961,B0329+54/gl98_1408.epn.asc
J0332+5434,B0329+54,1.4080,0.714518664,0.580944002,-0.31178129,B0329+54/gl98_1408.epn.asc
J0332+5434,B0329+54,1.4080,0.714518664,0.582426012,2.3028894,B0329+54/gl98_1408.epn.asc
J0332+5434,B0329+54,1.4080,0.714518664,0.583908021,0.90839839,B0329+54/gl98_1408.epn.asc
J0332+5434,B0329+54,1.4080,0.714518664,0.585389972,0.90839839,B0329+54/gl98_1408.epn.asc
J0332+5434,B0329+54,1.4080,0.714518664,0.586871982,0.90839839,B0329+54/gl98_1408.epn.asc
J0332+5434,B0329+54,1.4080,0.714518664,0.588353992,2.3028894,B0329+54/gl98_1408.epn.asc
J0332+5434,B0329+54,1.4080,0.714518664,0.589836001,0.90839839,B0329+54/gl98_1408.epn.asc
J0332+5434,B0329+54,1.4080,0.714518664,0.591318011,0.90839839,B0329+54/gl98_1408.epn.asc
J0332+5434,B0329+54,1.4080,0.714518664,0.592800021,2.3028894,B0329+54/gl98_1408.epn.asc
J0332+5434,B0329+54,1.4080,0.714518664,0.594281971,0.90839839,B0329+54/gl98_1408.epn.asc
J0332+5434,B0329+54,1.4080,0.714518664,0.595763981,0.90839839,B0329+54/gl98_1408.epn.asc
J0332+5434,B0329+54,1.4080,0.714518664,0.597245991,-0.31178129,B0329+54/gl98_1408.epn.asc
J0332+5434,B0329+54,1.4080,0.714518664,0.598728001,-0.31178129,B0329+54/gl98_1408.epn.asc
J0332+5434,B0329+54,1.4080,0.714518664,0.600210011,-0.31178129,B0329+54/gl98_1408.epn.asc
J0332+5434,B0329+54,1.4080,0.714518664,0.601692021,-0.31178129,B0329+54/gl98_1408.epn.asc
J0332+5434,B0329+54,1.4080,0.714518664,0.603173971,-0.31178129,B0329+54/gl98_1408.epn.asc
J0332+5434,B0329+54,1.4080,0.714518664,0.604655981,-0.31178129,B0329+54/gl98_1408.epn.asc
J0332+5434,B0329+54,1.4080,0.714518664,0.606137991,-0.31178129,B0329+54/gl98_1408.epn.asc
J0332+5434,B0329+54,1.4080,0.714518664,0.607620001,-0.31178129,B0329+54/gl98_1408.epn.asc
J0332+5434,B0329+54,1.4080,0.714518664,0.609102011,-0.31178129,B0329+54/gl98_1408.epn.asc
J0332+5434,B0329+54,1.4080,0.714518664,0.610584021,-0.31178129,B0329+54/gl98_1408.epn.asc
J0332+5434,B0329+54,1.4080,0.714518664,0.612065971,0.90839839,B0329+54/gl98_1408.epn.asc
J0332+5434,B0329+54,1.4080,0.714518664,0.613547981,-0.31178129,B0329+54/gl98_1408.epn.asc
J0332+5434,B0329+54,1.4080,0.714518664,0.615029991,-0.31178129,B0329+54/gl98_1408.epn.asc
J0332+5434,B0329+54,1.4080,0.714518664,0.616512001,-1.531961,B0329+54/gl98_1408.epn.asc
J0332+5434,B0329+54,1.4080,0.714518664,0.617994010,-1.531961,B0329+54/gl98_1408.epn.asc
J0332+5434,B0329+54,1.4080,0.714518664,0.619476020,-3.9723203,B0329+54/gl98_1408.epn.asc
J0332+5434,B0329+54,1.4080,0.714518664,0.620957971,-2.7521405,B0329+54/gl98_1408.epn.asc
J0332+5434,B0329+54,1.4080,0.714518664,0.622439981,-0.31178129,B0329+54/gl98_1408.epn.asc
J0332+5434,B0329+54,1.4080,0.714518664,0.623921990,-0.31178129,B0329+54/gl98_1408.epn.asc
J0332+5434,B0329+54,1.4080,0.714518664,0.625404000,-1.531961,B0329+54/gl98_1408.epn.asc
J0332+5434,B0329+54,1.4080,0.714518664,0.626886010,0.90839839,B0329+54/gl98_1408.epn.asc
J0332+5434,B0329+54,1.4080,0.714518664,0.628368020,0.90839839,B0329+54/gl98_1408.epn.asc
J0332+5434,B0329+54,1.4080,0.714518664,0.629849970,0.90839839,B0329+54/gl98_1408.epn.asc
J0332+5434,B0329+54,1.4080,0.714518664,0.631331980,0.90839839,B0329+54/gl98_1408.epn.asc
J0332+5434,B0329+54,1.4080,0.714518664,0.632813990,-1.531961,B0329+54/gl98_1408.epn.asc
J0332+5434,B0329+54,1.4080,0.714518664,0.634296000,-2.7521405,B0329+54/gl98_1408.epn.asc
J0332+5434,B0329+54,1.4080,0.714518664,0.635778010,-1.531961,B0329+54/gl98_1408.epn.asc
J0332+5434,B0329+54,1.4080,0.714518664,0.637260020,-0.31178129,B0329+54/gl98_1408.epn.asc
J0332+5434,B0329+54,1.4080,0.714518664,0.638742030,-1.531961,B0329+54/gl98_1408.epn.asc
J0332+5434,B0329+54,1.4080,0.714518664,0.640223980,-1.531961,B0329+54/gl98_1408.epn.asc
J0332+5434,B0329+54,1.4080,0.714518664,0.641705990,-1.531961,B0329+54/gl98_1408.epn.asc
J0332+5434,B0329+54,1.4080,0.714518664,0.643188000,-1.531961,B0329+54/gl98_1408.epn.asc
J0332+5434,B0329+54,1.4080,0.714518664,0.644670010,-0.31178129,B0329+54/gl98_1408.epn.asc
J0332+5434,B0329+54,1.4080,0.714518664,0.646152020,0.90839839,B0329+54/gl98_1408.epn.asc
J0332+5434,B0329+54,1.4080,0.714518664,0.647634029,-0.31178129,B0329+54/gl98_1408.epn.asc
J0332+5434,B0329+54,1.4080,0.714518664,0.649115980,-0.31178129,B0329+54/gl98_1408.epn.asc
J0332+5434,B0329+54,1.4080,0.714518664,0.650597990,0.90839839,B0329+54/gl98_1408.epn.asc
J0332+5434,B0329+54,1.4080,0.714518664,0.652079999,-0.31178129,B0329+54/gl98_1408.epn.asc
J0332+5434,B0329+54,1.4080,0.714518664,0.653562009,-1.531961,B0329+54/gl98_1408.epn.asc
J0332+5434,B0329+54,1.4080,0.714518664,0.655044019,-1.531961,B0329+54/gl98_1408.epn.asc
J0332+5434,B0329+54,1.4080,0.714518664,0.656526029,-0.31178129,B0329+54/gl98_1408.epn.asc
J0332+5434,B0329+54,1.4080,0.714518664,0.658007979,0.90839839,B0329+54/gl98_1408.epn.asc
J0332+5434,B0329+54,1.4080,0.714518664,0.659489989,2.3028894,B0329+54/gl98_1408.epn.asc
J0332+5434,B0329+54,1.4080,0.714518664,0.660971999,2.3028894,B0329+54/gl98_1408.epn.asc
J0332+5434,B0329+54,1.4080,0.714518664,0.662454009,0.90839839,B0329+54/gl98_1408.epn.asc
J0332+5434,B0329+54,1.4080,0.714518664,0.663936019,-1.531961,B0329+54/gl98_1408.epn.asc
J0332+5434,B0329+54,1.4080,0.714518664,0.665418029,-2.7521405,B0329+54/gl98_1408.epn.asc
J0332+5434,B0329+54,1.4080,0.714518664,0.666899979,-0.31178129,B0329+54/gl98_1408.epn.asc
J0332+5434,B0329+54,1.4080,0.714518664,0.668381989,2.3028894,B0329+54/gl98_1408.epn.asc
J0332+5434,B0329+54,1.4080,0.714518664,0.669863999,2.3028894,B0329+54/gl98_1408.epn.asc
J0332+5434,B0329+54,1.4080,0.714518664,0.671346009,0.90839839,B0329+54/gl98_1408.epn.asc
J0332+5434,B0329+54,1.4080,0.714518664,0.672828019,0.90839839,B0329+54/gl98_1408.epn.asc
J0332+5434,B0329+54,1.4080,0.714518664,0.674310029,-0.31178129,B0329+54/gl98_1408.epn.asc
J0332+5434,B0329+54,1.4080,0.714518664,0.675791979,-0.31178129,B0329+54/gl98_1408.epn.asc
J0332+5434,B0329+54,1.4080,0.714518664,0.677273989,0.90839839,B0329+54/gl98_1408.epn.asc
J0332+5434,B0329+54,1.4080,0.714518664,0.678755999,-0.31178129,B0329+54/gl98_1408.epn.asc
J0332+5434,B0329+54,1.4080,0.714518664,0.680238008,2.3028894,B0329+54/gl98_1408.epn.asc
J0332+5434,B0329+54,1.4080,0.714518664,0.681720018,2.3028894,B0329+54/gl98_1408.epn.asc
J0332+5434,B0329+54,1.4080,0.714518664,0.683202028,2.3028894,B0329+54/gl98_1408.epn.asc
J0332+5434,B0329+54,1.4080,0.714518664,0.684683979,2.3028894,B0329+54/gl98_1408.epn.asc
J0332+5434,B0329+54,1.4080,0.714518664,0.686165988,2.3028894,B0329+54/gl98_1408.epn.asc
J0332+5434,B0329+54,1.4080,0.714518664,0.687647998,0.90839839,B0329+54/gl98_1408.epn.asc
J0332+5434,B0329+54,1.4080,0.714518664,0.689130008,-0.31178129,B0329+54/gl98_1408.epn.asc
J0332+5434,B0329+54,1.4080,0.714518664,0.690612018,-1.531961,B0329+54/gl98_1408.epn.asc
J0332+5434,B0329+54,1.4080,0.714518664,0.692094028,-0.31178129,B0329+54/gl98_1408.epn.asc
J0332+5434,B0329+54,1.4080,0.714518664,0.693575978,0.90839839,B0329+54/gl98_1408.epn.asc
J0332+5434,B0329+54,1.4080,0.714518664,0.695057988,2.3028894,B0329+54/gl98_1408.epn.asc
J0332+5434,B0329+54,1.4080,0.714518664,0.696539998,0.90839839,B0329+54/gl98_1408.epn.asc
J0332+5434,B0329+54,1.4080,0.714518664,0.698022008,-0.31178129,B0329+54/gl98_1408.epn.asc
J0332+5434,B0329+54,1.4080,0.714518664,0.699504018,-1.531961,B0329+54/gl98_1408.epn.asc
J0332+5434,B0329+54,1.4080,0.714518664,0.700986028,-3.9723203,B0329+54/gl98_1408.epn.asc
J0332+5434,B0329+54,1.4080,0.714518664,0.702467978,-5.1925001,B0329+54/gl98_1408.epn.asc
J0332+5434,B0329+54,1.4080,0.714518664,0.703949988,-3.9723203,B0329+54/gl98_1408.epn.asc
J0332+5434,B0329+54,1.4080,0.714518664,0.705431998,-1.531961,B0329+54/gl98_1408.epn.asc
J0332+5434,B0329+54,1.4080,0.714518664,0.706914008,-1.531961,B0329+54/gl98_1408.epn.asc
J0332+5434,B0329+54,1.4080,0.714518664,0.708396018,-2.7521405,B0329+54/gl98_1408.epn.asc
J0332+5434,B0329+54,1.4080,0.714518664,0.709878027,-2.7521405,B0329+54/gl98_1408.epn.asc
J0332+5434,B0329+54,1.4080,0.714518664,0.711359978,-2.7521405,B0329+54/gl98_1408.epn.asc
J0332+5434,B0329+54,1.4080,0.714518664,0.712841988,-1.531961,B0329+54/gl98_1408.epn.asc
