# Monthly mean total sunspot number, 1749-01 to 2026-07.
# Source: WDC-SILSO, Royal Observatory of Belgium, Brussels — series SN_m_tot_V2.0
#   (https://www.sidc.be/SILSO/datafiles), downloaded 2026-08-16.
# Version 2.0 of the international sunspot number (Clette et al. 2014,
#   Space Sci. Rev. 186, 35), recalibrated to the Wolfer scale.
# 3331 months, no gaps. standard_deviation and observations are blank before
#   1818, where the monthly means predate the daily multi-observer counts the
#   later error bars are computed from.
# decimal_year is the mid-month epoch published by SILSO.
decimal_year,year,month,sunspot_number,standard_deviation,observations
1749.042,1749,1,96.7,,
1749.123,1749,2,104.3,,
1749.204,1749,3,116.7,,
1749.288,1749,4,92.8,,
1749.371,1749,5,141.7,,
1749.455,1749,6,139.2,,
1749.538,1749,7,158.0,,
1749.623,1749,8,110.5,,
1749.707,1749,9,126.5,,
1749.790,1749,10,125.8,,
1749.874,1749,11,264.3,,
1749.958,1749,12,142.0,,
1750.042,1750,1,122.2,,
1750.123,1750,2,126.5,,
1750.204,1750,3,148.7,,
1750.288,1750,4,147.2,,
1750.371,1750,5,150.0,,
1750.455,1750,6,166.7,,
1750.538,1750,7,142.3,,
1750.623,1750,8,171.7,,
1750.707,1750,9,152.0,,
1750.790,1750,10,109.5,,
1750.874,1750,11,105.5,,
1750.958,1750,12,125.7,,
1751.042,1751,1,116.7,,
1751.123,1751,2,72.5,,
1751.204,1751,3,75.5,,
1751.288,1751,4,94.0,,
1751.371,1751,5,101.2,,
1751.455,1751,6,84.5,,
1751.538,1751,7,110.5,,
1751.623,1751,8,99.7,,
1751.707,1751,9,39.2,,
1751.790,1751,10,38.7,,
1751.874,1751,11,47.5,,
1751.958,1751,12,73.3,,
1752.042,1752,1,58.3,,
1752.124,1752,2,83.3,,
1752.206,1752,3,118.3,,
1752.290,1752,4,98.8,,
1752.373,1752,5,99.5,,
1752.456,1752,6,66.0,,
1752.540,1752,7,130.7,,
1752.624,1752,8,48.8,,
1752.708,1752,9,45.2,,
1752.791,1752,10,77.7,,
1752.874,1752,11,62.7,,
1752.958,1752,12,66.7,,
1753.042,1753,1,73.3,,
1753.123,1753,2,53.3,,
1753.204,1753,3,76.2,,
1753.288,1753,4,63.3,,
1753.371,1753,5,60.0,,
1753.455,1753,6,52.8,,
1753.538,1753,7,36.7,,
1753.623,1753,8,65.0,,
1753.707,1753,9,46.7,,
1753.790,1753,10,41.7,,
1753.874,1753,11,33.3,,
1753.958,1753,12,11.2,,
1754.042,1754,1,0.0,,
1754.123,1754,2,5.0,,
1754.204,1754,3,2.8,,
1754.288,1754,4,22.8,,
1754.371,1754,5,34.5,,
1754.455,1754,6,44.5,,
1754.538,1754,7,31.3,,
1754.623,1754,8,20.5,,
1754.707,1754,9,13.7,,
1754.790,1754,10,40.2,,
1754.874,1754,11,22.0,,
1754.958,1754,12,7.0,,
1755.042,1755,1,17.0,,
1755.123,1755,2,18.7,,
1755.204,1755,3,11.3,,
1755.288,1755,4,10.8,,
1755.371,1755,5,0.0,,
1755.455,1755,6,0.0,,
1755.538,1755,7,14.3,,
1755.623,1755,8,5.3,,
1755.707,1755,9,29.7,,
1755.790,1755,10,39.5,,
1755.874,1755,11,11.3,,
1755.958,1755,12,33.3,,
1756.042,1756,1,20.8,,
1756.124,1756,2,11.8,,
1756.206,1756,3,9.0,,
1756.290,1756,4,15.7,,
1756.373,1756,5,20.8,,
1756.456,1756,6,21.5,,
1756.540,1756,7,6.0,,
1756.624,1756,8,10.7,,
1756.708,1756,9,19.7,,
1756.791,1756,10,23.8,,
1756.874,1756,11,28.3,,
1756.958,1756,12,15.7,,
1757.042,1757,1,23.5,,
1757.123,1757,2,35.3,,
1757.204,1757,3,43.7,,
1757.288,1757,4,50.0,,
1757.371,1757,5,63.5,,
1757.455,1757,6,21.3,,
1757.538,1757,7,41.7,,
1757.623,1757,8,85.5,,
1757.707,1757,9,66.2,,
1757.790,1757,10,54.2,,
1757.874,1757,11,107.8,,
1757.958,1757,12,55.8,,
1758.042,1758,1,62.7,,
1758.123,1758,2,86.7,,
1758.204,1758,3,81.7,,
1758.288,1758,4,120.5,,
1758.371,1758,5,77.3,,
1758.455,1758,6,75.0,,
1758.538,1758,7,73.3,,
1758.623,1758,8,64.5,,
1758.707,1758,9,104.2,,
1758.790,1758,10,62.8,,
1758.874,1758,11,71.7,,
1758.958,1758,12,71.7,,
1759.042,1759,1,80.5,,
1759.123,1759,2,73.3,,
1759.204,1759,3,78.0,,
1759.288,1759,4,78.3,,
1759.371,1759,5,81.7,,
1759.455,1759,6,83.3,,
1759.538,1759,7,85.0,,
1759.623,1759,8,118.8,,
1759.707,1759,9,128.7,,
1759.790,1759,10,99.5,,
1759.874,1759,11,77.2,,
1759.958,1759,12,95.0,,
1760.042,1760,1,112.2,,
1760.124,1760,2,99.2,,
1760.206,1760,3,124.5,,
1760.290,1760,4,97.2,,
1760.373,1760,5,120.0,,
1760.456,1760,6,80.5,,
1760.540,1760,7,110.0,,
1760.624,1760,8,126.0,,
1760.708,1760,9,102.2,,
1760.791,1760,10,84.3,,
1760.874,1760,11,99.5,,
1760.958,1760,12,101.7,,
1761.042,1761,1,116.7,,
1761.123,1761,2,151.7,,
1761.204,1761,3,134.5,,
1761.288,1761,4,119.5,,
1761.371,1761,5,178.7,,
1761.455,1761,6,165.5,,
1761.538,1761,7,156.8,,
1761.623,1761,8,151.8,,
1761.707,1761,9,167.8,,
1761.790,1761,10,147.8,,
1761.874,1761,11,149.5,,
1761.958,1761,12,76.7,,
1762.042,1762,1,73.0,,
1762.123,1762,2,121.3,,
1762.204,1762,3,76.2,,
1762.288,1762,4,100.3,,
1762.371,1762,5,66.5,,
1762.455,1762,6,128.5,,
1762.538,1762,7,56.3,,
1762.623,1762,8,112.8,,
1762.707,1762,9,114.2,,
1762.790,1762,10,115.5,,
1762.874,1762,11,129.7,,
1762.958,1762,12,128.7,,
1763.042,1763,1,94.2,,
1763.123,1763,2,53.2,,
1763.204,1763,3,57.0,,
1763.288,1763,4,54.8,,
1763.371,1763,5,54.5,,
1763.455,1763,6,59.7,,
1763.538,1763,7,90.3,,
1763.623,1763,8,44.2,,
1763.707,1763,9,113.5,,
1763.790,1763,10,77.2,,
1763.874,1763,11,101.5,,
1763.958,1763,12,102.3,,
1764.042,1764,1,99.5,,
1764.124,1764,2,99.5,,
1764.206,1764,3,67.0,,
1764.290,1764,4,57.3,,
1764.373,1764,5,73.8,,
1764.456,1764,6,50.0,,
1764.540,1764,7,50.0,,
1764.624,1764,8,50.0,,
1764.708,1764,9,47.0,,
1764.791,1764,10,46.7,,
1764.874,1764,11,43.3,,
1764.958,1764,12,42.8,,
1765.042,1765,1,40.0,,
1765.123,1765,2,43.3,,
1765.204,1765,3,41.7,,
1765.288,1765,4,36.7,,
1765.371,1765,5,33.7,,
1765.455,1765,6,33.3,,
1765.538,1765,7,45.0,,
1765.623,1765,8,49.5,,
1765.707,1765,9,26.7,,
1765.790,1765,10,23.3,,
1765.874,1765,11,23.3,,
1765.958,1765,12,21.7,,
1766.042,1766,1,20.0,,
1766.123,1766,2,18.3,,
1766.204,1766,3,61.0,,
1766.288,1766,4,10.0,,
1766.371,1766,5,44.7,,
1766.455,1766,6,5.0,,
1766.538,1766,7,5.5,,
1766.623,1766,8,6.7,,
1766.707,1766,9,7.2,,
1766.790,1766,10,8.3,,
1766.874,1766,11,9.5,,
1766.958,1766,12,32.0,,
1767.042,1767,1,45.7,,
1767.123,1767,2,50.0,,
1767.204,1767,3,71.7,,
1767.288,1767,4,54.8,,
1767.371,1767,5,49.7,,
1767.455,1767,6,55.5,,
1767.538,1767,7,36.5,,
1767.623,1767,8,68.0,,
1767.707,1767,9,71.2,,
1767.790,1767,10,73.5,,
1767.874,1767,11,91.2,,
1767.958,1767,12,88.8,,
1768.042,1768,1,89.2,,
1768.124,1768,2,110.2,,
1768.206,1768,3,77.2,,
1768.290,1768,4,71.2,,
1768.373,1768,5,129.5,,
1768.456,1768,6,129.0,,
1768.540,1768,7,87.7,,
1768.624,1768,8,111.3,,
1768.708,1768,9,124.7,,
1768.791,1768,10,129.7,,
1768.874,1768,11,151.0,,
1768.958,1768,12,186.3,,
1769.042,1769,1,123.2,,
1769.123,1769,2,107.0,,
1769.204,1769,3,107.2,,
1769.288,1769,4,161.2,,
1769.371,1769,5,122.7,,
1769.455,1769,6,157.3,,
1769.538,1769,7,197.7,,
1769.623,1769,8,200.5,,
1769.707,1769,9,248.0,,
1769.790,1769,10,263.7,,
1769.874,1769,11,246.8,,
1769.958,1769,12,186.7,,
1770.042,1770,1,173.3,,
1770.123,1770,2,237.5,,
1770.204,1770,3,133.5,,
1770.288,1770,4,85.0,,
1770.371,1770,5,116.8,,
1770.455,1770,6,138.8,,
1770.538,1770,7,183.0,,
1770.623,1770,8,210.5,,
1770.707,1770,9,174.0,,
1770.790,1770,10,172.7,,
1770.874,1770,11,220.3,,
1770.958,1770,12,170.5,,
1771.042,1771,1,60.0,,
1771.123,1771,2,77.0,,
1771.204,1771,3,77.8,,
1771.288,1771,4,108.2,,
1771.371,1771,5,254.5,,
1771.455,1771,6,199.2,,
1771.538,1771,7,112.8,,
1771.623,1771,8,97.5,,
1771.707,1771,9,169.0,,
1771.790,1771,10,150.0,,
1771.874,1771,11,166.2,,
1771.958,1771,12,159.5,,
1772.042,1772,1,168.2,,
1772.124,1772,2,151.3,,
1772.206,1772,3,51.8,,
1772.290,1772,4,153.7,,
1772.373,1772,5,63.3,,
1772.456,1772,6,95.0,,
1772.540,1772,7,128.8,,
1772.624,1772,8,93.7,,
1772.708,1772,9,84.2,,
1772.791,1772,10,131.0,,
1772.874,1772,11,102.2,,
1772.958,1772,12,106.7,,
1773.042,1773,1,91.0,,
1773.123,1773,2,48.3,,
1773.204,1773,3,85.3,,
1773.288,1773,4,54.8,,
1773.371,1773,5,68.5,,
1773.455,1773,6,47.3,,
1773.538,1773,7,46.2,,
1773.623,1773,8,21.2,,
1773.707,1773,9,48.8,,
1773.790,1773,10,43.8,,
1773.874,1773,11,68.2,,
1773.958,1773,12,72.0,,
1774.042,1774,1,78.0,,
1774.123,1774,2,109.0,,
1774.204,1774,3,92.8,,
1774.288,1774,4,73.0,,
1774.371,1774,5,85.5,,
1774.455,1774,6,47.5,,
1774.538,1774,7,29.2,,
1774.623,1774,8,11.0,,
1774.707,1774,9,13.2,,
1774.790,1774,10,23.3,,
1774.874,1774,11,29.5,,
1774.958,1774,12,20.3,,
1775.042,1775,1,7.3,,
1775.123,1775,2,0.0,,
1775.204,1775,3,19.3,,
1775.288,1775,4,18.7,,
1775.371,1775,5,6.5,,
1775.455,1775,6,20.5,,
1775.538,1775,7,1.7,,
1775.623,1775,8,13.2,,
1775.707,1775,9,5.3,,
1775.790,1775,10,9.3,,
1775.874,1775,11,25.2,,
1775.958,1775,12,13.2,,
1776.042,1776,1,36.2,,
1776.124,1776,2,19.3,,
1776.206,1776,3,10.5,,
1776.290,1776,4,36.3,,
1776.373,1776,5,18.7,,
1776.456,1776,6,31.7,,
1776.540,1776,7,1.7,,
1776.624,1776,8,40.3,,
1776.708,1776,9,26.7,,
1776.791,1776,10,50.0,,
1776.874,1776,11,58.3,,
1776.958,1776,12,66.7,,
1777.042,1777,1,75.0,,
1777.123,1777,2,60.8,,
1777.204,1777,3,65.0,,
1777.288,1777,4,159.2,,
1777.371,1777,5,133.8,,
1777.455,1777,6,134.5,,
1777.538,1777,7,158.3,,
1777.623,1777,8,186.7,,
1777.707,1777,9,193.7,,
1777.790,1777,10,177.5,,
1777.874,1777,11,243.3,,
1777.958,1777,12,262.2,,
1778.042,1778,1,295.5,,
1778.123,1778,2,182.2,,
1778.204,1778,3,223.3,,
1778.288,1778,4,241.7,,
1778.371,1778,5,398.2,,
1778.455,1778,6,286.0,,
1778.538,1778,7,255.0,,
1778.623,1778,8,233.3,,
1778.707,1778,9,286.2,,
1778.790,1778,10,260.5,,
1778.874,1778,11,250.5,,
1778.958,1778,12,175.0,,
1779.042,1779,1,191.2,,
1779.123,1779,2,276.2,,
1779.204,1779,3,196.7,,
1779.288,1779,4,241.7,,
1779.371,1779,5,233.3,,
1779.455,1779,6,189.5,,
1779.538,1779,7,238.3,,
1779.623,1779,8,186.7,,
1779.707,1779,9,185.0,,
1779.790,1779,10,206.7,,
1779.874,1779,11,190.0,,
1779.958,1779,12,183.3,,
1780.042,1780,1,116.7,,
1780.124,1780,2,163.3,,
1780.206,1780,3,163.3,,
1780.290,1780,4,158.3,,
1780.373,1780,5,178.7,,
1780.456,1780,6,146.7,,
1780.540,1780,7,143.3,,
1780.624,1780,8,143.3,,
1780.708,1780,9,156.2,,
1780.791,1780,10,128.3,,
1780.874,1780,11,100.0,,
1780.958,1780,12,97.8,,
1781.042,1781,1,164.5,,
1781.123,1781,2,124.5,,
1781.204,1781,3,88.3,,
1781.288,1781,4,113.8,,
1781.371,1781,5,174.5,,
1781.455,1781,6,162.8,,
1781.538,1781,7,122.5,,
1781.623,1781,8,110.0,,
1781.707,1781,9,85.0,,
1781.790,1781,10,45.5,,
1781.874,1781,11,111.7,,
1781.958,1781,12,58.7,,
1782.042,1782,1,90.0,,
1782.123,1782,2,62.5,,
1782.204,1782,3,61.7,,
1782.288,1782,4,68.3,,
1782.371,1782,5,90.5,,
1782.455,1782,6,63.3,,
1782.538,1782,7,61.7,,
1782.623,1782,8,73.3,,
1782.707,1782,9,56.7,,
1782.790,1782,10,38.7,,
1782.874,1782,11,52.5,,
1782.958,1782,12,50.0,,
1783.042,1783,1,46.7,,
1783.123,1783,2,64.5,,
1783.204,1783,3,44.5,,
1783.288,1783,4,47.2,,
1783.371,1783,5,38.3,,
1783.455,1783,6,42.0,,
1783.538,1783,7,53.7,,
1783.623,1783,8,33.3,,
1783.707,1783,9,30.0,,
1783.790,1783,10,13.3,,
1783.874,1783,11,25.0,,
1783.958,1783,12,17.5,,
1784.042,1784,1,21.7,,
1784.124,1784,2,13.3,,
1784.206,1784,3,18.3,,
1784.290,1784,4,16.7,,
1784.373,1784,5,10.0,,
1784.456,1784,6,15.0,,
1784.540,1784,7,10.0,,
1784.624,1784,8,16.7,,
1784.708,1784,9,16.7,,
1784.791,1784,10,13.3,,
1784.874,1784,11,28.3,,
1784.958,1784,12,23.3,,
1785.042,1785,1,10.8,,
1785.123,1785,2,13.3,,
1785.204,1785,3,15.0,,
1785.288,1785,4,26.2,,
1785.371,1785,5,34.5,,
1785.455,1785,6,43.8,,
1785.538,1785,7,60.5,,
1785.623,1785,8,33.3,,
1785.707,1785,9,53.3,,
1785.790,1785,10,78.7,,
1785.874,1785,11,67.0,,
1785.958,1785,12,45.5,,
1786.042,1786,1,62.0,,
1786.123,1786,2,79.3,,
1786.204,1786,3,79.5,,
1786.288,1786,4,142.3,,
1786.371,1786,5,153.8,,
1786.455,1786,6,98.3,,
1786.538,1786,7,138.3,,
1786.623,1786,8,149.5,,
1786.707,1786,9,185.8,,
1786.790,1786,10,187.2,,
1786.874,1786,11,193.3,,
1786.958,1786,12,187.8,,
1787.042,1787,1,224.5,,
1787.123,1787,2,176.7,,
1787.204,1787,3,145.7,,
1787.288,1787,4,212.0,,
1787.371,1787,5,224.7,,
1787.455,1787,6,165.3,,
1787.538,1787,7,213.3,,
1787.623,1787,8,228.7,,
1787.707,1787,9,262.2,,
1787.790,1787,10,261.7,,
1787.874,1787,11,235.8,,
1787.958,1787,12,290.0,,
1788.042,1788,1,230.0,,
1788.124,1788,2,215.3,,
1788.206,1788,3,238.8,,
1788.290,1788,4,180.8,,
1788.373,1788,5,188.3,,
1788.456,1788,6,257.0,,
1788.540,1788,7,235.8,,
1788.624,1788,8,226.7,,
1788.708,1788,9,235.0,,
1788.791,1788,10,236.7,,
1788.874,1788,11,157.8,,
1788.958,1788,12,215.8,,
1789.042,1789,1,190.0,,
1789.123,1789,2,208.8,,
1789.204,1789,3,200.0,,
1789.288,1789,4,205.5,,
1789.371,1789,5,205.8,,
1789.455,1789,6,200.0,,
1789.538,1789,7,195.0,,
1789.623,1789,8,171.7,,
1789.707,1789,9,186.7,,
1789.790,1789,10,149.5,,
1789.874,1789,11,223.3,,
1789.958,1789,12,225.8,,
1790.042,1790,1,171.7,,
1790.123,1790,2,212.5,,
1790.204,1790,3,160.5,,
1790.288,1790,4,156.7,,
1790.371,1790,5,155.0,,
1790.455,1790,6,151.7,,
1790.538,1790,7,115.5,,
1790.623,1790,8,145.0,,
1790.707,1790,9,128.8,,
1790.790,1790,10,140.5,,
1790.874,1790,11,136.7,,
1790.958,1790,12,123.3,,
1791.042,1791,1,121.2,,
1791.123,1791,2,103.3,,
1791.204,1791,3,123.3,,
1791.288,1791,4,128.7,,
1791.371,1791,5,122.8,,
1791.455,1791,6,107.0,,
1791.538,1791,7,118.3,,
1791.623,1791,8,71.7,,
1791.707,1791,9,110.8,,
1791.790,1791,10,102.8,,
1791.874,1791,11,111.7,,
1791.958,1791,12,110.0,,
1792.042,1792,1,96.7,,
1792.124,1792,2,106.7,,
1792.206,1792,3,105.0,,
1792.290,1792,4,126.2,,
1792.373,1792,5,103.3,,
1792.456,1792,6,101.7,,
1792.540,1792,7,76.3,,
1792.624,1792,8,100.0,,
1792.708,1792,9,98.3,,
1792.791,1792,10,98.3,,
1792.874,1792,11,95.0,,
1792.958,1792,12,93.3,,
1793.042,1793,1,93.3,,
1793.123,1793,2,91.7,,
1793.204,1793,3,92.5,,
1793.288,1793,4,88.3,,
1793.371,1793,5,87.2,,
1793.455,1793,6,85.0,,
1793.538,1793,7,83.3,,
1793.623,1793,8,48.8,,
1793.707,1793,9,40.0,,
1793.790,1793,10,78.3,,
1793.874,1793,11,73.3,,
1793.958,1793,12,76.2,,
1794.042,1794,1,75.0,,
1794.123,1794,2,73.3,,
1794.204,1794,3,63.3,,
1794.288,1794,4,47.3,,
1794.371,1794,5,92.8,,
1794.455,1794,6,69.2,,
1794.538,1794,7,68.3,,
1794.623,1794,8,66.7,,
1794.707,1794,9,18.5,,
1794.790,1794,10,47.5,,
1794.874,1794,11,112.3,,
1794.958,1794,12,85.7,,
1795.042,1795,1,35.7,,
1795.123,1795,2,66.5,,
1795.204,1795,3,21.0,,
1795.288,1795,4,31.0,,
1795.371,1795,5,51.7,,
1795.455,1795,6,28.5,,
1795.538,1795,7,21.5,,
1795.623,1795,8,42.8,,
1795.707,1795,9,22.5,,
1795.790,1795,10,32.5,,
1795.874,1795,11,41.7,,
1795.958,1795,12,30.0,,
1796.042,1796,1,36.7,,
1796.124,1796,2,39.7,,
1796.206,1796,3,26.2,,
1796.290,1796,4,52.8,,
1796.373,1796,5,35.0,,
1796.456,1796,6,11.2,,
1796.540,1796,7,44.8,,
1796.624,1796,8,2.5,,
1796.708,1796,9,30.7,,
1796.791,1796,10,18.3,,
1796.874,1796,11,14.0,,
1796.958,1796,12,8.5,,
1797.042,1797,1,24.0,,
1797.123,1797,2,7.0,,
1797.204,1797,3,6.7,,
1797.288,1797,4,6.7,,
1797.371,1797,5,12.2,,
1797.455,1797,6,18.5,,
1797.538,1797,7,7.2,,
1797.623,1797,8,10.0,,
1797.707,1797,9,9.5,,
1797.790,1797,10,11.5,,
1797.874,1797,11,9.7,,
1797.958,1797,12,5.0,,
1798.042,1798,1,3.3,,
1798.123,1798,2,6.7,,
1798.204,1798,3,20.7,,
1798.288,1798,4,1.8,,
1798.371,1798,5,0.0,,
1798.455,1798,6,0.0,,
1798.538,1798,7,0.0,,
1798.623,1798,8,5.0,,
1798.707,1798,9,4.0,,
1798.790,1798,10,2.5,,
1798.874,1798,11,20.8,,
1798.958,1798,12,16.5,,
1799.042,1799,1,2.7,,
1799.123,1799,2,21.0,,
1799.204,1799,3,36.2,,
1799.288,1799,4,14.0,,
1799.371,1799,5,13.7,,
1799.455,1799,6,17.7,,
1799.538,1799,7,3.5,,
1799.623,1799,8,0.0,,
1799.707,1799,9,0.0,,
1799.790,1799,10,7.7,,
1799.874,1799,11,4.5,,
1799.958,1799,12,14.3,,
1800.042,1800,1,11.5,,
1800.123,1800,2,15.5,,
1800.204,1800,3,23.2,,
1800.288,1800,4,0.0,,
1800.371,1800,5,8.3,,
1800.455,1800,6,39.5,,
1800.538,1800,7,35.0,,
1800.623,1800,8,32.5,,
1800.707,1800,9,19.2,,
1800.790,1800,10,20.5,,
1800.874,1800,11,17.5,,
1800.958,1800,12,66.8,,
1801.042,1801,1,45.0,,
1801.123,1801,2,48.3,,
1801.204,1801,3,50.0,,
1801.288,1801,4,51.7,,
1801.371,1801,5,53.3,,
1801.455,1801,6,52.0,,
1801.538,1801,7,58.3,,
1801.623,1801,8,64.5,,
1801.707,1801,9,55.8,,
1801.790,1801,10,54.3,,
1801.874,1801,11,66.3,,
1801.958,1801,12,80.3,,
1802.042,1802,1,79.7,,
1802.123,1802,2,78.3,,
1802.204,1802,3,68.0,,
1802.288,1802,4,70.0,,
1802.371,1802,5,73.3,,
1802.455,1802,6,76.7,,
1802.538,1802,7,80.0,,
1802.623,1802,8,83.3,,
1802.707,1802,9,86.3,,
1802.790,1802,10,64.2,,
1802.874,1802,11,57.5,,
1802.958,1802,12,83.3,,
1803.042,1803,1,83.3,,
1803.123,1803,2,84.7,,
1803.204,1803,3,49.2,,
1803.288,1803,4,41.7,,
1803.371,1803,5,73.8,,
1803.455,1803,6,60.0,,
1803.538,1803,7,80.5,,
1803.623,1803,8,56.8,,
1803.707,1803,9,75.5,,
1803.790,1803,10,90.5,,
1803.874,1803,11,85.0,,
1803.958,1803,12,80.0,,
1804.042,1804,1,75.5,,
1804.124,1804,2,80.5,,
1804.206,1804,3,80.0,,
1804.290,1804,4,84.3,,
1804.373,1804,5,55.7,,
1804.456,1804,6,58.0,,
1804.540,1804,7,49.7,,
1804.624,1804,8,71.8,,
1804.708,1804,9,88.3,,
1804.791,1804,10,103.8,,
1804.874,1804,11,101.7,,
1804.958,1804,12,100.0,,
1805.042,1805,1,101.7,,
1805.123,1805,2,73.5,,
1805.204,1805,3,85.7,,
1805.288,1805,4,62.5,,
1805.371,1805,5,65.0,,
1805.455,1805,6,67.5,,
1805.538,1805,7,62.7,,
1805.623,1805,8,71.2,,
1805.707,1805,9,74.0,,
1805.790,1805,10,49.0,,
1805.874,1805,11,68.3,,
1805.958,1805,12,63.8,,
1806.042,1806,1,65.0,,
1806.123,1806,2,49.3,,
1806.204,1806,3,54.5,,
1806.288,1806,4,46.2,,
1806.371,1806,5,44.0,,
1806.455,1806,6,42.7,,
1806.538,1806,7,50.0,,
1806.623,1806,8,43.8,,
1806.707,1806,9,40.0,,
1806.790,1806,10,45.0,,
1806.874,1806,11,41.7,,
1806.958,1806,12,40.0,,
1807.042,1807,1,20.0,,
1807.123,1807,2,20.3,,
1807.204,1807,3,16.0,,
1807.288,1807,4,39.7,,
1807.371,1807,5,16.7,,
1807.455,1807,6,20.0,,
1807.538,1807,7,21.2,,
1807.623,1807,8,20.0,,
1807.707,1807,9,9.5,,
1807.790,1807,10,13.3,,
1807.874,1807,11,4.3,,
1807.958,1807,12,0.0,,
1808.042,1808,1,0.0,,
1808.124,1808,2,7.5,,
1808.206,1808,3,0.0,,
1808.290,1808,4,20.5,,
1808.373,1808,5,22.5,,
1808.456,1808,6,22.5,,
1808.540,1808,7,11.2,,
1808.624,1808,8,13.3,,
1808.708,1808,9,19.5,,
1808.791,1808,10,7.8,,
1808.874,1808,11,17.5,,
1808.958,1808,12,20.5,,
1809.042,1809,1,12.0,,
1809.123,1809,2,15.3,,
1809.204,1809,3,1.5,,
1809.288,1809,4,4.2,,
1809.371,1809,5,3.3,,
1809.455,1809,6,12.8,,
1809.538,1809,7,0.5,,
1809.623,1809,8,0.3,,
1809.707,1809,9,0.7,,
1809.790,1809,10,0.0,,
1809.874,1809,11,0.0,,
1809.958,1809,12,0.0,,
1810.042,1810,1,0.0,,
1810.123,1810,2,0.0,,
1810.204,1810,3,0.0,,
1810.288,1810,4,0.0,,
1810.371,1810,5,0.0,,
1810.455,1810,6,0.0,,
1810.538,1810,7,0.0,,
1810.623,1810,8,0.0,,
1810.707,1810,9,0.0,,
1810.790,1810,10,0.0,,
1810.874,1810,11,0.0,,
1810.958,1810,12,0.0,,
1811.042,1811,1,0.0,,
1811.123,1811,2,0.0,,
1811.204,1811,3,0.0,,
1811.288,1811,4,0.0,,
1811.371,1811,5,0.0,,
1811.455,1811,6,0.0,,
1811.538,1811,7,11.0,,
1811.623,1811,8,0.0,,
1811.707,1811,9,4.0,,
1811.790,1811,10,10.2,,
1811.874,1811,11,1.3,,
1811.958,1811,12,1.8,,
1812.042,1812,1,18.8,,
1812.124,1812,2,3.2,,
1812.206,1812,3,1.2,,
1812.290,1812,4,0.0,,
1812.373,1812,5,1.7,,
1812.456,1812,6,2.2,,
1812.540,1812,7,0.8,,
1812.624,1812,8,26.0,,
1812.708,1812,9,8.7,,
1812.791,1812,10,6.5,,
1812.874,1812,11,13.2,,
1812.958,1812,12,16.8,,
1813.042,1813,1,0.0,,
1813.123,1813,2,17.2,,
1813.204,1813,3,3.2,,
1813.288,1813,4,27.7,,
1813.371,1813,5,9.2,,
1813.455,1813,6,18.7,,
1813.538,1813,7,30.5,,
1813.623,1813,8,14.0,,
1813.707,1813,9,25.5,,
1813.790,1813,10,46.3,,
1813.874,1813,11,27.8,,
1813.958,1813,12,23.8,,
1814.042,1814,1,37.0,,
1814.123,1814,2,20.0,,
1814.204,1814,3,9.5,,
1814.288,1814,4,39.7,,
1814.371,1814,5,9.7,,
1814.455,1814,6,24.8,,
1814.538,1814,7,30.8,,
1814.623,1814,8,3.8,,
1814.707,1814,9,13.5,,
1814.790,1814,10,32.2,,
1814.874,1814,11,24.2,,
1814.958,1814,12,33.5,,
1815.042,1815,1,32.0,,
1815.123,1815,2,53.7,,
1815.204,1815,3,43.7,,
1815.288,1815,4,52.7,,
1815.371,1815,5,16.3,,
1815.455,1815,6,93.2,,
1815.538,1815,7,59.2,,
1815.623,1815,8,78.7,,
1815.707,1815,9,52.5,,
1815.790,1815,10,55.8,,
1815.874,1815,11,62.0,,
1815.958,1815,12,108.3,,
1816.042,1816,1,43.8,,
1816.124,1816,2,114.7,,
1816.206,1816,3,122.8,,
1816.290,1816,4,98.0,,
1816.373,1816,5,73.8,,
1816.456,1816,6,72.7,,
1816.540,1816,7,64.7,,
1816.624,1816,8,38.7,,
1816.708,1816,9,79.7,,
1816.791,1816,10,94.0,,
1816.874,1816,11,63.5,,
1816.958,1816,12,49.8,,
1817.042,1817,1,60.7,,
1817.123,1817,2,96.5,,
1817.204,1817,3,160.3,,
1817.288,1817,4,44.0,,
1817.371,1817,5,35.3,,
1817.455,1817,6,66.7,,
1817.538,1817,7,83.3,,
1817.623,1817,8,75.0,,
1817.707,1817,9,61.2,,
1817.790,1817,10,42.7,,
1817.874,1817,11,48.2,,
1817.958,1817,12,47.3,,
1818.042,1818,1,58.1,9.7,8
1818.123,1818,2,37.4,7.8,14
1818.204,1818,3,42.4,8.3,14
1818.288,1818,4,57.5,9.6,21
1818.371,1818,5,88.5,11.9,25
1818.455,1818,6,60.8,9.9,25
1818.538,1818,7,46.8,8.7,21
1818.623,1818,8,52.6,9.2,20
1818.707,1818,9,43.4,8.3,18
1818.790,1818,10,52.8,9.2,22
1818.874,1818,11,18.3,5.5,12
1818.958,1818,12,43.0,8.4,13
1819.042,1819,1,54.7,9.4,12
1819.123,1819,2,34.6,7.5,10
1819.204,1819,3,6.3,3.6,23
1819.288,1819,4,33.7,7.4,23
1819.371,1819,5,32.6,7.3,31
1819.455,1819,6,58.3,9.7,23
1819.538,1819,7,52.5,9.2,15
1819.623,1819,8,43.5,8.4,24
1819.707,1819,9,24.8,6.4,27
1819.790,1819,10,45.9,8.6,22
1819.874,1819,11,41.8,8.3,19
1819.958,1819,12,50.9,9.1,20
1820.042,1820,1,32.0,7.3,19
1820.124,1820,2,44.4,8.4,14
1820.206,1820,3,7.5,3.9,23
1820.290,1820,4,32.3,7.3,19
1820.373,1820,5,48.9,8.8,20
1820.456,1820,6,17.9,5.6,25
1820.540,1820,7,34.1,7.4,7
1820.624,1820,8,43.1,8.3,17
1820.708,1820,9,8.6,4.0,25
1820.791,1820,10,14.9,5.2,26
1820.874,1820,11,13.2,4.8,13
1820.958,1820,12,15.1,5.2,16
1821.042,1821,1,36.0,7.6,8
1821.123,1821,2,7.0,3.8,24
1821.204,1821,3,9.5,4.2,29
1821.288,1821,4,15.2,5.2,18
1821.371,1821,5,2.8,2.8,31
1821.455,1821,6,3.0,2.9,29
1821.538,1821,7,4.3,3.2,24
1821.623,1821,8,8.0,3.9,26
1821.707,1821,9,7.3,3.9,29
1821.790,1821,10,31.4,7.2,28
1821.874,1821,11,7.3,3.9,27
1821.958,1821,12,0.4,2.1,31
1822.042,1822,1,0.0,2.0,31
1822.123,1822,2,1.5,2.5,28
1822.204,1822,3,26.9,6.6,28
1822.288,1822,4,21.7,6.0,26
1822.371,1822,5,2.4,2.8,30
1822.455,1822,6,9.3,4.2,29
1822.538,1822,7,13.2,4.9,29
1822.623,1822,8,3.4,3.0,31
1822.707,1822,9,0.0,2.0,30
1822.790,1822,10,0.6,2.2,31
1822.874,1822,11,0.0,2.0,30
1822.958,1822,12,0.0,2.0,30
1823.042,1823,1,0.0,2.0,31
1823.123,1823,2,0.0,2.0,28
1823.204,1823,3,1.0,2.3,29
1823.288,1823,4,0.0,2.0,30
1823.371,1823,5,0.0,2.0,25
1823.455,1823,6,0.0,2.0,23
1823.538,1823,7,0.8,2.2,24
1823.623,1823,8,0.0,2.0,27
1823.707,1823,9,0.0,2.0,27
1823.790,1823,10,0.0,2.0,20
1823.874,1823,11,0.0,2.0,20
1823.958,1823,12,34.0,7.4,18
1824.042,1824,1,36.0,7.6,3
1824.124,1824,2,18.0,4.8,0
1824.206,1824,3,0.0,2.0,21
1824.290,1824,4,32.3,7.2,8
1824.373,1824,5,4.6,3.3,19
1824.456,1824,6,0.0,2.0,25
1824.540,1824,7,0.0,2.0,21
1824.624,1824,8,2.3,2.7,15
1824.708,1824,9,34.3,7.5,19
1824.791,1824,10,42.0,8.2,25
1824.874,1824,11,0.0,2.0,18
1824.958,1824,12,1.4,2.4,20
1825.042,1825,1,8.4,4.1,29
1825.123,1825,2,25.9,6.6,24
1825.204,1825,3,37.4,7.8,27
1825.288,1825,4,6.2,3.6,25
1825.371,1825,5,25.8,6.4,25
1825.455,1825,6,25.6,6.5,28
1825.538,1825,7,51.5,9.1,30
1825.623,1825,8,42.8,8.3,30
1825.707,1825,9,26.2,6.6,26
1825.790,1825,10,26.0,6.6,25
1825.874,1825,11,19.6,5.7,18
1825.958,1825,12,36.7,7.7,23
1826.042,1826,1,29.4,6.9,21
1826.123,1826,2,30.2,7.0,25
1826.204,1826,3,61.3,9.9,28
1826.288,1826,4,40.0,8.1,27
1826.371,1826,5,53.9,9.3,30
1826.455,1826,6,61.7,10.0,29
1826.538,1826,7,87.5,11.9,30
1826.623,1826,8,66.0,10.4,31
1826.707,1826,9,31.6,7.2,30
1826.790,1826,10,84.4,11.6,28
1826.874,1826,11,65.8,10.3,22
1826.958,1826,12,113.6,13.5,19
1827.042,1827,1,57.7,9.7,23
1827.123,1827,2,79.0,11.3,25
1827.204,1827,3,96.3,12.4,28
1827.288,1827,4,76.7,11.1,27
1827.371,1827,5,93.8,12.3,30
1827.455,1827,6,94.4,12.3,26
1827.538,1827,7,70.4,10.6,31
1827.623,1827,8,89.4,12.0,29
1827.707,1827,9,82.6,11.5,30
1827.790,1827,10,93.5,12.2,27
1827.874,1827,11,80.4,11.4,20
1827.958,1827,12,76.8,11.1,25
1828.042,1828,1,88.0,11.9,18
1828.124,1828,2,107.3,13.1,22
1828.206,1828,3,108.5,13.2,24
1828.290,1828,4,101.9,12.8,29
1828.373,1828,5,148.6,15.5,27
1828.456,1828,6,163.4,16.2,26
1828.540,1828,7,90.4,12.0,31
1828.624,1828,8,127.3,14.3,31
1828.708,1828,9,83.9,11.6,30
1828.791,1828,10,91.1,12.1,26
1828.874,1828,11,95.0,12.3,22
1828.958,1828,12,78.1,11.2,15
1829.042,1829,1,71.6,10.7,14
1829.123,1829,2,82.3,11.5,20
1829.204,1829,3,120.6,13.9,26
1829.288,1829,4,158.4,15.9,29
1829.371,1829,5,112.3,13.4,29
1829.455,1829,6,123.2,14.1,28
1829.538,1829,7,151.5,15.6,28
1829.623,1829,8,129.3,14.4,27
1829.707,1829,9,88.0,11.9,26
1829.790,1829,10,95.3,12.4,23
1829.874,1829,11,112.7,13.4,19
1829.958,1829,12,94.1,12.3,22
1830.042,1830,1,87.0,11.8,17
1830.123,1830,2,120.1,13.9,18
1830.204,1830,3,141.0,15.1,20
1830.288,1830,4,177.3,16.9,26
1830.371,1830,5,110.5,13.3,28
1830.455,1830,6,108.4,13.2,27
1830.538,1830,7,73.2,10.8,26
1830.623,1830,8,84.6,11.7,25
1830.707,1830,9,103.4,12.9,24
1830.790,1830,10,140.6,15.0,25
1830.874,1830,11,135.4,14.7,19
1830.958,1830,12,136.8,14.8,13
1831.042,1831,1,79.0,11.3,22
1831.123,1831,2,83.6,11.6,21
1831.204,1831,3,155.8,15.8,25
1831.288,1831,4,90.9,12.1,27
1831.371,1831,5,63.4,10.1,31
1831.455,1831,6,55.6,9.4,27
1831.538,1831,7,75.4,11.0,29
1831.623,1831,8,91.6,12.1,28
1831.707,1831,9,63.2,10.1,22
1831.790,1831,10,77.1,11.1,23
1831.874,1831,11,72.5,10.8,15
1831.958,1831,12,48.3,8.8,15
1832.042,1832,1,51.5,9.1,11
1832.124,1832,2,92.6,12.2,23
1832.206,1832,3,91.9,12.1,21
1832.290,1832,4,44.8,8.5,27
1832.373,1832,5,68.9,10.5,28
1832.456,1832,6,44.5,8.4,22
1832.540,1832,7,23.3,6.2,25
1832.624,1832,8,14.8,5.1,31
1832.708,1832,9,13.7,4.9,29
1832.791,1832,10,35.2,7.5,25
1832.874,1832,11,23.8,6.2,18
1832.958,1832,12,45.8,8.6,17
1833.042,1833,1,18.7,5.7,22
1833.123,1833,2,24.9,6.5,21
1833.204,1833,3,19.6,5.8,19
1833.288,1833,4,4.6,3.3,27
1833.371,1833,5,21.5,6.0,28
1833.455,1833,6,1.7,2.5,30
1833.538,1833,7,11.6,4.6,27
1833.623,1833,8,9.5,4.2,30
1833.707,1833,9,19.3,5.8,16
1833.790,1833,10,12.5,4.7,29
1833.874,1833,11,9.8,4.2,24
1833.958,1833,12,16.6,5.3,19
1834.042,1834,1,8.2,4.0,11
1834.123,1834,2,30.1,7.0,20
1834.204,1834,3,6.5,3.7,24
1834.288,1834,4,2.4,2.7,25
1834.371,1834,5,14.8,5.0,30
1834.455,1834,6,13.1,4.8,28
1834.538,1834,7,14.4,5.0,22
1834.623,1834,8,6.6,3.7,29
1834.707,1834,9,19.2,5.6,21
1834.790,1834,10,41.3,8.2,20
1834.874,1834,11,50.9,9.1,15
1834.958,1834,12,57.5,9.6,15
1835.042,1835,1,12.4,4.7,22
1835.123,1835,2,40.7,8.1,15
1835.204,1835,3,32.7,7.3,18
1835.288,1835,4,102.4,12.8,14
1835.371,1835,5,72.6,10.8,22
1835.455,1835,6,55.2,9.4,17
1835.538,1835,7,99.6,12.7,13
1835.623,1835,8,98.5,12.6,2
1835.707,1835,9,168.0,16.4,11
1835.790,1835,10,158.6,16.0,16
1835.874,1835,11,166.7,16.4,15
1835.958,1835,12,129.3,14.4,8
1836.042,1836,1,147.6,15.4,17
1836.124,1836,2,179.4,17.0,14
1836.206,1836,3,163.7,16.2,12
1836.290,1836,4,238.0,19.6,16
1836.373,1836,5,185.7,17.3,23
1836.456,1836,6,207.9,18.3,15
1836.540,1836,7,194.6,17.7,15
1836.624,1836,8,179.6,17.0,16
1836.708,1836,9,158.5,16.0,12
1836.791,1836,10,228.9,19.2,11
1836.874,1836,11,201.5,18.0,11
1836.958,1836,12,343.8,23.5,4
1837.042,1837,1,313.4,22.4,10
1837.123,1837,2,292.6,21.7,13
1837.204,1837,3,224.3,19.0,12
1837.288,1837,4,230.3,19.2,10
1837.371,1837,5,186.1,17.3,15
1837.455,1837,6,263.4,20.6,18
1837.538,1837,7,271.2,20.9,9
1837.623,1837,8,223.5,18.9,11
1837.707,1837,9,160.4,16.1,19
1837.790,1837,10,206.2,18.2,18
1837.874,1837,11,178.4,16.9,7
1837.958,1837,12,216.1,18.6,8
1838.042,1838,1,241.5,19.7,11
1838.123,1838,2,141.3,15.1,18
1838.204,1838,3,234.5,19.4,12
1838.288,1838,4,211.1,18.4,16
1838.371,1838,5,229.4,19.2,20
1838.455,1838,6,157.6,15.9,19
1838.538,1838,7,180.4,17.0,21
1838.623,1838,8,131.3,14.5,15
1838.707,1838,9,122.7,14.0,23
1838.790,1838,10,151.5,15.6,16
1838.874,1838,11,129.2,14.4,16
1838.958,1838,12,132.9,14.6,14
1839.042,1839,1,175.9,16.8,15
1839.123,1839,2,170.8,16.6,12
1839.204,1839,3,129.5,14.4,15
1839.288,1839,4,102.9,12.9,14
1839.371,1839,5,89.6,12.0,22
1839.455,1839,6,91.2,12.1,20
1839.538,1839,7,141.3,15.1,25
1839.623,1839,8,218.8,18.7,17
1839.707,1839,9,221.1,18.8,18
1839.790,1839,10,151.5,15.6,16
1839.874,1839,11,114.7,13.6,11
1839.958,1839,12,106.2,13.1,9
1840.042,1840,1,135.4,14.7,18
1840.124,1840,2,146.1,15.3,14
1840.206,1840,3,112.9,13.5,18
1840.290,1840,4,109.8,13.3,21
1840.373,1840,5,115.4,13.6,22
1840.456,1840,6,80.9,11.4,27
1840.540,1840,7,101.0,12.7,23
1840.624,1840,8,96.4,12.4,24
1840.708,1840,9,123.3,14.1,20
1840.791,1840,10,91.7,12.1,19
1840.874,1840,11,90.4,12.0,20
1840.958,1840,12,89.5,12.0,22
1841.042,1841,1,40.1,8.1,15
1841.123,1841,2,49.9,8.9,20
1841.204,1841,3,49.6,8.9,22
1841.288,1841,4,66.9,10.4,28
1841.371,1841,5,112.4,13.5,27
1841.455,1841,6,92.8,12.2,24
1841.538,1841,7,51.4,9.1,27
1841.623,1841,8,65.4,10.3,28
1841.707,1841,9,60.9,9.9,28
1841.790,1841,10,47.4,8.7,19
1841.874,1841,11,32.9,7.3,20
1841.958,1841,12,64.8,10.2,19
1842.042,1842,1,34.0,7.5,20
1842.123,1842,2,36.8,7.8,22
1842.204,1842,3,36.2,7.7,25
1842.288,1842,4,44.9,8.5,30
1842.371,1842,5,41.4,8.2,31
1842.455,1842,6,34.2,7.4,30
1842.538,1842,7,21.0,6.0,31
1842.623,1842,8,44.4,8.5,31
1842.707,1842,9,30.6,7.1,28
1842.790,1842,10,63.5,10.1,23
1842.874,1842,11,67.5,10.4,25
1842.958,1842,12,29.3,6.9,15
1843.042,1843,1,22.2,6.1,22
1843.123,1843,2,5.9,3.5,14
1843.204,1843,3,13.9,5.0,29
1843.288,1843,4,15.8,5.2,29
1843.371,1843,5,35.1,7.6,30
1843.455,1843,6,17.6,5.4,30
1843.538,1843,7,15.9,5.2,31
1843.623,1843,8,19.6,5.8,31
1843.707,1843,9,6.9,3.7,30
1843.790,1843,10,8.9,4.1,31
1843.874,1843,11,31.7,7.2,27
1843.958,1843,12,21.2,6.0,16
1844.042,1844,1,15.7,5.2,24
1844.124,1844,2,24.5,6.4,22
1844.206,1844,3,22.5,6.1,21
1844.290,1844,4,34.6,7.5,28
1844.373,1844,5,19.2,5.7,25
1844.456,1844,6,6.2,3.6,29
1844.540,1844,7,35.2,7.6,29
1844.624,1844,8,39.7,8.1,28
1844.708,1844,9,11.6,4.7,27
1844.791,1844,10,35.9,7.7,25
1844.874,1844,11,17.9,5.6,16
1844.958,1844,12,36.0,7.6,20
1845.042,1845,1,42.8,8.3,17
1845.123,1845,2,72.8,10.8,17
1845.204,1845,3,72.1,10.8,22
1845.288,1845,4,95.0,12.3,25
1845.371,1845,5,79.7,11.3,27
1845.455,1845,6,51.8,9.2,25
1845.538,1845,7,51.0,9.1,24
1845.623,1845,8,53.9,9.3,27
1845.707,1845,9,49.3,9.0,26
1845.790,1845,10,67.8,10.4,19
1845.874,1845,11,65.7,10.3,23
1845.958,1845,12,99.5,12.6,13
1846.042,1846,1,64.6,10.2,19
1846.123,1846,2,84.9,11.7,21
1846.204,1846,3,106.5,13.1,22
1846.288,1846,4,115.5,13.6,19
1846.371,1846,5,99.9,12.7,21
1846.455,1846,6,108.4,13.2,28
1846.538,1846,7,77.5,11.1,26
1846.623,1846,8,91.3,12.1,26
1846.707,1846,9,178.6,16.9,23
1846.790,1846,10,93.4,12.2,16
1846.874,1846,11,100.6,12.7,16
1846.958,1846,12,109.1,13.2,10
1847.042,1847,1,104.4,12.9,11
1847.123,1847,2,74.9,10.9,10
1847.204,1847,3,143.0,15.1,19
1847.288,1847,4,74.6,10.9,20
1847.371,1847,5,125.7,14.2,26
1847.455,1847,6,142.2,15.1,25
1847.538,1847,7,87.1,11.8,25
1847.623,1847,8,234.3,19.4,28
1847.707,1847,9,268.2,20.7,15
1847.790,1847,10,300.6,22.0,19
1847.874,1847,11,231.5,19.3,20
1847.958,1847,12,182.6,17.1,14
1848.042,1848,1,265.2,20.6,14
1848.124,1848,2,186.4,17.3,13
1848.206,1848,3,181.2,17.1,17
1848.290,1848,4,178.6,16.9,18
1848.373,1848,5,170.5,16.5,27
1848.456,1848,6,214.9,18.6,24
1848.540,1848,7,232.0,19.3,27
1848.624,1848,8,220.9,18.8,21
1848.708,1848,9,167.3,16.4,20
1848.791,1848,10,220.6,18.8,13
1848.874,1848,11,191.0,17.5,16
1848.958,1848,12,265.8,20.7,24
1849.042,1849,1,298.3,21.4,31
1849.123,1849,2,250.3,19.5,28
1849.204,1849,3,182.7,16.6,31
1849.288,1849,4,194.7,17.1,30
1849.371,1849,5,153.2,15.1,31
1849.455,1849,6,154.2,15.2,30
1849.538,1849,7,148.2,14.9,31
1849.623,1849,8,128.6,13.8,31
1849.707,1849,9,178.0,16.3,30
1849.790,1849,10,135.7,14.2,31
1849.874,1849,11,188.2,16.8,30
1849.958,1849,12,184.3,16.6,31
1850.042,1850,1,148.2,14.9,31
1850.123,1850,2,169.8,15.9,28
1850.204,1850,3,156.8,15.3,31
1850.288,1850,4,83.8,11.1,30
1850.371,1850,5,117.0,13.1,31
1850.455,1850,6,133.0,14.1,30
1850.538,1850,7,74.3,10.5,31
1850.623,1850,8,117.0,13.1,31
1850.707,1850,9,163.7,15.6,30
1850.790,1850,10,134.9,14.1,31
1850.874,1850,11,104.1,12.4,30
1850.958,1850,12,115.9,13.1,31
1851.042,1851,1,143.5,14.7,31
1851.123,1851,2,200.1,17.3,28
1851.204,1851,3,122.8,13.5,31
1851.288,1851,4,107.3,12.6,30
1851.371,1851,5,118.9,13.3,31
1851.455,1851,6,120.0,13.3,30
1851.538,1851,7,68.6,10.0,31
1851.623,1851,8,109.0,12.7,31
1851.707,1851,9,128.9,13.8,30
1851.790,1851,10,118.7,13.3,31
1851.874,1851,11,96.8,11.9,30
1851.958,1851,12,135.5,14.2,31
1852.042,1852,1,129.9,13.9,31
1852.124,1852,2,126.2,13.7,29
1852.206,1852,3,116.2,13.1,31
1852.290,1852,4,124.3,13.6,30
1852.373,1852,5,104.3,12.4,31
1852.456,1852,6,89.0,11.4,30
1852.540,1852,7,80.0,10.8,31
1852.624,1852,8,75.3,10.5,31
1852.708,1852,9,71.2,10.2,30
1852.791,1852,10,127.9,13.8,31
1852.874,1852,11,103.1,12.3,30
1852.958,1852,12,86.1,11.3,31
1853.042,1853,1,77.9,10.7,31
1853.123,1853,2,81.5,10.9,28
1853.204,1853,3,71.6,10.2,31
1853.288,1853,4,90.4,11.5,30
1853.371,1853,5,65.9,9.8,31
1853.455,1853,6,76.0,10.6,30
1853.538,1853,7,87.2,11.3,31
1853.623,1853,8,95.8,11.9,31
1853.707,1853,9,63.7,9.7,30
1853.790,1853,10,80.5,10.9,31
1853.874,1853,11,54.7,8.9,30
1853.958,1853,12,44.5,8.0,31
1854.042,1854,1,29.3,6.5,31
1854.123,1854,2,38.0,7.4,28
1854.204,1854,3,39.4,7.6,31
1854.288,1854,4,50.3,8.6,30
1854.371,1854,5,45.6,8.2,31
1854.455,1854,6,40.1,7.6,30
1854.538,1854,7,35.5,7.2,31
1854.623,1854,8,30.1,6.6,31
1854.707,1854,9,42.6,7.9,30
1854.790,1854,10,24.1,5.9,31
1854.874,1854,11,53.5,8.8,30
1854.958,1854,12,41.1,7.7,31
1855.042,1855,1,23.4,5.8,31
1855.123,1855,2,21.6,5.6,28
1855.204,1855,3,33.0,6.9,31
1855.288,1855,4,8.4,3.5,30
1855.371,1855,5,17.3,5.0,31
1855.455,1855,6,10.0,3.8,30
1855.538,1855,7,0.7,1.0,31
1855.623,1855,8,5.9,2.9,31
1855.707,1855,9,0.0,0.0,30
1855.790,1855,10,18.3,5.1,31
1855.874,1855,11,7.9,3.4,30
1855.958,1855,12,5.8,2.9,31
1856.042,1856,1,1.0,1.2,31
1856.124,1856,2,9.3,3.7,29
1856.206,1856,3,0.7,1.0,31
1856.290,1856,4,12.4,4.2,30
1856.373,1856,5,0.0,0.0,31
1856.456,1856,6,9.8,3.8,30
1856.540,1856,7,8.8,3.6,31
1856.624,1856,8,11.3,4.0,31
1856.708,1856,9,8.4,3.5,30
1856.791,1856,10,8.5,3.5,31
1856.874,1856,11,14.7,4.6,30
1856.958,1856,12,13.7,4.4,31
1857.042,1857,1,26.0,6.1,31
1857.123,1857,2,14.2,4.5,28
1857.204,1857,3,10.0,3.8,31
1857.288,1857,4,21.1,5.5,30
1857.371,1857,5,54.2,8.9,31
1857.455,1857,6,30.5,6.6,30
1857.538,1857,7,42.2,7.8,31
1857.623,1857,8,32.0,6.8,31
1857.707,1857,9,80.6,10.9,30
1857.790,1857,10,77.1,10.6,31
1857.874,1857,11,59.6,9.3,30
1857.958,1857,12,70.7,10.2,31
1858.042,1858,1,74.2,10.4,31
1858.123,1858,2,66.3,9.9,28
1858.204,1858,3,109.2,12.7,31
1858.288,1858,4,72.8,10.3,30
1858.371,1858,5,78.6,10.7,31
1858.455,1858,6,84.5,11.1,30
1858.538,1858,7,107.7,12.6,31
1858.623,1858,8,104.9,12.5,31
1858.707,1858,9,152.2,15.1,30
1858.790,1858,10,173.2,16.1,31
1858.874,1858,11,98.6,12.1,30
1858.958,1858,12,127.0,13.7,31
1859.042,1859,1,159.0,15.4,31
1859.123,1859,2,166.4,15.8,28
1859.204,1859,3,171.5,16.0,31
1859.288,1859,4,162.9,15.6,30
1859.371,1859,5,172.8,16.1,31
1859.455,1859,6,165.2,15.7,30
1859.538,1859,7,180.7,16.5,31
1859.623,1859,8,203.0,17.5,31
1859.707,1859,9,200.9,17.4,30
1859.790,1859,10,217.8,18.1,31
1859.874,1859,11,184.6,16.6,30
1859.958,1859,12,153.9,15.1,31
1860.042,1860,1,156.6,15.3,31
1860.124,1860,2,167.9,15.9,29
1860.206,1860,3,188.0,16.8,31
1860.290,1860,4,135.7,14.2,30
1860.373,1860,5,203.5,17.5,31
1860.456,1860,6,206.3,17.7,30
1860.540,1860,7,221.9,18.3,31
1860.624,1860,8,190.5,16.9,31
1860.708,1860,9,175.2,16.2,30
1860.791,1860,10,171.1,16.0,31
1860.874,1860,11,186.0,16.7,30
1860.958,1860,12,181.7,16.5,31
1861.042,1861,1,118.5,13.2,31
1861.123,1861,2,147.5,14.8,28
1861.204,1861,3,192.0,17.0,31
1861.288,1861,4,187.1,16.8,30
1861.371,1861,5,107.8,12.6,31
1861.455,1861,6,167.5,15.8,30
1861.538,1861,7,148.2,14.8,31
1861.623,1861,8,156.7,15.3,31
1861.707,1861,9,151.9,15.0,30
1861.790,1861,10,127.7,13.8,31
1861.874,1861,11,102.0,12.3,30
1861.958,1861,12,152.8,15.1,31
1862.042,1862,1,119.9,13.3,31
1862.123,1862,2,122.4,13.5,28
1862.204,1862,3,82.7,11.0,31
1862.288,1862,4,102.1,12.2,30
1862.371,1862,5,122.4,13.4,31
1862.455,1862,6,159.7,15.4,30
1862.538,1862,7,139.5,14.4,31
1862.623,1862,8,118.7,13.2,31
1862.707,1862,9,126.4,13.7,30
1862.790,1862,10,79.8,10.8,31
1862.874,1862,11,96.0,11.9,30
1862.958,1862,12,77.6,10.7,31
1863.042,1863,1,91.8,11.6,31
1863.123,1863,2,107.7,12.6,28
1863.204,1863,3,126.0,13.6,31
1863.288,1863,4,77.1,10.6,30
1863.371,1863,5,102.1,12.2,31
1863.455,1863,6,77.6,10.7,30
1863.538,1863,7,62.0,9.5,31
1863.623,1863,8,91.3,11.6,31
1863.707,1863,9,41.7,7.8,30
1863.790,1863,10,75.7,10.5,31
1863.874,1863,11,71.6,10.2,30
1863.958,1863,12,78.1,10.7,31
1864.042,1864,1,109.7,12.7,31
1864.124,1864,2,89.5,11.5,29
1864.206,1864,3,125.9,13.6,31
1864.290,1864,4,68.1,10.0,30
1864.373,1864,5,77.1,10.6,31
1864.456,1864,6,109.9,12.8,30
1864.540,1864,7,103.8,12.4,31
1864.624,1864,8,104.1,12.5,31
1864.708,1864,9,54.2,8.9,30
1864.791,1864,10,64.4,9.7,31
1864.874,1864,11,109.3,12.7,30
1864.958,1864,12,54.3,8.9,31
1865.042,1865,1,92.5,11.7,31
1865.123,1865,2,74.6,10.5,28
1865.204,1865,3,75.0,10.5,31
1865.288,1865,4,55.9,9.0,30
1865.371,1865,5,65.6,9.8,31
1865.455,1865,6,63.8,9.7,30
1865.538,1865,7,50.8,8.6,31
1865.623,1865,8,71.8,10.3,31
1865.707,1865,9,41.0,7.7,30
1865.790,1865,10,32.5,6.9,31
1865.874,1865,11,46.7,8.2,30
1865.958,1865,12,24.3,5.9,31
1866.042,1866,1,60.0,9.4,31
1866.123,1866,2,72.9,10.4,28
1866.204,1866,3,46.6,8.2,31
1866.288,1866,4,33.5,7.0,30
1866.371,1866,5,24.6,6.0,31
1866.455,1866,6,31.4,6.7,30
1866.538,1866,7,17.6,5.0,31
1866.623,1866,8,24.2,5.9,31
1866.707,1866,9,13.9,4.5,30
1866.790,1866,10,26.8,6.2,31
1866.874,1866,11,17.2,5.0,30
1866.958,1866,12,2.9,2.0,31
1867.042,1867,1,0.0,0.0,31
1867.123,1867,2,1.4,1.4,28
1867.204,1867,3,17.4,5.0,31
1867.288,1867,4,9.7,3.7,30
1867.371,1867,5,5.5,2.8,31
1867.455,1867,6,2.8,2.0,30
1867.538,1867,7,9.5,3.7,31
1867.623,1867,8,9.1,3.6,31
1867.707,1867,9,18.7,5.2,30
1867.790,1867,10,25.5,6.1,31
1867.874,1867,11,18.1,5.1,30
1867.958,1867,12,47.9,8.4,31
1868.042,1868,1,25.9,5.9,31
1868.124,1868,2,26.3,5.8,29
1868.206,1868,3,44.0,7.5,31
1868.290,1868,4,61.1,8.8,30
1868.373,1868,5,44.5,7.5,31
1868.456,1868,6,51.8,8.1,30
1868.540,1868,7,48.3,7.9,31
1868.624,1868,8,57.3,8.5,31
1868.708,1868,9,78.7,10.0,30
1868.791,1868,10,102.8,11.4,31
1868.874,1868,11,98.7,11.2,30
1868.958,1868,12,112.8,11.9,31
1869.042,1869,1,101.6,11.3,31
1869.123,1869,2,99.9,11.2,28
1869.204,1869,3,88.0,10.5,31
1869.288,1869,4,68.4,9.3,30
1869.371,1869,5,173.4,14.8,31
1869.455,1869,6,180.7,15.1,30
1869.538,1869,7,98.8,11.2,31
1869.623,1869,8,132.7,12.9,31
1869.707,1869,9,134.5,13.0,30
1869.790,1869,10,99.0,11.2,31
1869.874,1869,11,130.2,12.8,30
1869.958,1869,12,174.1,14.8,31
1870.042,1870,1,129.0,12.7,31
1870.123,1870,2,191.7,15.5,28
1870.204,1870,3,262.7,18.2,31
1870.288,1870,4,266.9,18.3,30
1870.371,1870,5,293.6,19.2,31
1870.455,1870,6,226.3,16.9,30
1870.538,1870,7,220.9,16.7,31
1870.623,1870,8,256.5,18.0,31
1870.707,1870,9,226.8,16.9,30
1870.790,1870,10,244.3,17.5,31
1870.874,1870,11,246.0,17.6,30
1870.958,1870,12,216.7,16.5,31
1871.042,1871,1,147.2,13.6,31
1871.123,1871,2,209.0,16.2,28
1871.204,1871,3,238.7,17.4,31
1871.288,1871,4,270.9,18.5,30
1871.371,1871,5,242.6,17.5,31
1871.455,1871,6,152.9,13.9,30
1871.538,1871,7,171.8,14.7,31
1871.623,1871,8,183.7,15.2,31
1871.707,1871,9,133.9,13.0,30
1871.790,1871,10,148.5,13.7,31
1871.874,1871,11,175.7,14.9,30
1871.958,1871,12,150.8,13.8,31
1872.042,1872,1,132.7,12.9,31
1872.124,1872,2,200.3,15.9,29
1872.206,1872,3,147.5,13.6,31
1872.290,1872,4,170.4,14.7,30
1872.373,1872,5,179.5,15.0,31
1872.456,1872,6,183.3,15.2,30
1872.540,1872,7,176.0,14.9,31
1872.624,1872,8,155.0,14.0,31
1872.708,1872,9,191.1,15.5,30
1872.791,1872,10,171.2,14.7,31
1872.874,1872,11,186.8,15.3,30
1872.958,1872,12,139.9,13.3,31
1873.042,1873,1,144.6,13.5,31
1873.123,1873,2,178.4,15.0,28
1873.204,1873,3,164.0,14.4,31
1873.288,1873,4,127.1,12.7,30
1873.371,1873,5,80.0,10.1,31
1873.455,1873,6,74.8,9.8,30
1873.538,1873,7,111.7,11.9,31
1873.623,1873,8,113.8,12.0,31
1873.707,1873,9,78.7,10.0,30
1873.790,1873,10,78.6,10.0,31
1873.874,1873,11,92.5,10.8,30
1873.958,1873,12,82.0,10.2,31
1874.042,1874,1,101.4,11.3,31
1874.123,1874,2,107.1,11.6,28
1874.204,1874,3,77.5,9.9,31
1874.288,1874,4,53.5,8.2,30
1874.371,1874,5,74.6,9.7,31
1874.455,1874,6,63.8,9.0,30
1874.538,1874,7,113.2,11.9,31
1874.623,1874,8,102.3,11.3,31
1874.707,1874,9,46.8,7.7,30
1874.790,1874,10,57.4,8.5,31
1874.874,1874,11,48.2,7.8,30
1874.958,1874,12,48.8,7.9,31
1875.042,1875,1,24.4,5.7,31
1875.123,1875,2,35.9,6.8,28
1875.204,1875,3,56.4,8.4,31
1875.288,1875,4,48.6,7.8,30
1875.371,1875,5,19.2,5.1,31
1875.455,1875,6,39.9,7.1,30
1875.538,1875,7,20.9,5.3,31
1875.623,1875,8,24.4,5.7,31
1875.707,1875,9,4.0,2.9,30
1875.790,1875,10,21.3,5.3,31
1875.874,1875,11,29.6,6.3,30
1875.958,1875,12,16.5,4.8,31
1876.042,1876,1,23.9,5.7,31
1876.124,1876,2,25.1,5.7,29
1876.206,1876,3,51.1,8.1,31
1876.290,1876,4,3.9,2.9,30
1876.373,1876,5,8.5,3.7,31
1876.456,1876,6,2.7,2.6,30
1876.540,1876,7,25.5,5.8,31
1876.624,1876,8,14.8,4.5,31
1876.708,1876,9,16.6,4.8,30
1876.791,1876,10,23.9,5.6,31
1876.874,1876,11,16.6,4.8,30
1876.958,1876,12,13.6,4.4,31
1877.042,1877,1,40.6,7.2,31
1877.123,1877,2,14.5,4.4,28
1877.204,1877,3,19.9,5.2,31
1877.288,1877,4,26.3,5.9,30
1877.371,1877,5,36.1,6.8,31
1877.455,1877,6,23.6,5.5,30
1877.538,1877,7,10.0,3.8,31
1877.623,1877,8,10.5,3.9,31
1877.707,1877,9,28.1,6.0,30
1877.790,1877,10,11.2,4.1,31
1877.874,1877,11,23.6,5.6,30
1877.958,1877,12,3.5,2.7,31
1878.042,1878,1,5.5,3.1,31
1878.123,1878,2,11.0,4.1,28
1878.204,1878,3,13.1,4.3,31
1878.288,1878,4,0.2,2.0,30
1878.371,1878,5,9.9,3.9,31
1878.455,1878,6,10.7,4.0,30
1878.538,1878,7,0.2,2.0,31
1878.623,1878,8,0.0,2.0,31
1878.707,1878,9,8.8,3.7,30
1878.790,1878,10,1.9,2.4,31
1878.874,1878,11,6.8,3.3,30
1878.958,1878,12,0.9,2.2,31
1879.042,1879,1,1.6,2.3,31
1879.123,1879,2,0.9,2.2,28
1879.204,1879,3,0.0,2.0,31
1879.288,1879,4,10.4,3.9,30
1879.371,1879,5,4.0,2.8,31
1879.455,1879,6,8.0,3.6,30
1879.538,1879,7,12.6,4.2,31
1879.623,1879,8,17.9,5.0,31
1879.707,1879,9,10.1,3.8,30
1879.790,1879,10,20.4,5.2,31
1879.874,1879,11,21.9,5.4,30
1879.958,1879,12,12.2,4.1,31
1880.042,1880,1,40.1,7.2,31
1880.124,1880,2,45.4,7.6,29
1880.206,1880,3,32.1,6.4,31
1880.290,1880,4,32.4,6.4,30
1880.373,1880,5,39.1,7.1,31
1880.456,1880,6,56.9,8.5,30
1880.540,1880,7,36.5,6.8,31
1880.624,1880,8,80.3,10.1,31
1880.708,1880,9,110.1,11.8,30
1880.791,1880,10,71.7,9.5,31
1880.874,1880,11,51.1,8.1,30
1880.958,1880,12,49.4,7.9,31
1881.042,1881,1,60.6,8.7,31
1881.123,1881,2,88.6,10.6,28
1881.204,1881,3,85.8,10.4,31
1881.288,1881,4,86.1,10.4,30
1881.371,1881,5,72.5,9.6,31
1881.455,1881,6,100.8,11.3,30
1881.538,1881,7,128.2,12.7,31
1881.623,1881,8,97.3,11.1,31
1881.707,1881,9,88.6,10.6,30
1881.790,1881,10,107.3,11.6,31
1881.874,1881,11,91.5,10.7,30
1881.958,1881,12,78.8,10.0,31
1882.042,1882,1,75.0,9.7,31
1882.123,1882,2,115.9,12.1,28
1882.204,1882,3,111.5,11.8,31
1882.288,1882,4,159.6,14.2,30
1882.371,1882,5,106.9,11.6,31
1882.455,1882,6,75.4,9.8,30
1882.538,1882,7,75.7,9.8,31
1882.623,1882,8,67.5,9.2,31
1882.707,1882,9,96.1,11.0,30
1882.790,1882,10,98.6,11.2,31
1882.874,1882,11,140.6,13.3,30
1882.958,1882,12,69.7,9.4,31
1883.042,1883,1,101.0,11.3,31
1883.123,1883,2,78.2,10.0,28
1883.204,1883,3,71.3,9.5,31
1883.288,1883,4,136.8,13.1,30
1883.371,1883,5,52.5,8.1,31
1883.455,1883,6,127.2,12.7,30
1883.538,1883,7,134.4,13.0,31
1883.623,1883,8,76.6,9.8,31
1883.707,1883,9,87.8,10.5,30
1883.790,1883,10,139.6,13.3,31
1883.874,1883,11,140.8,13.3,30
1883.958,1883,12,126.5,12.6,31
1884.042,1884,1,152.6,13.9,31
1884.124,1884,2,144.8,13.5,29
1884.206,1884,3,145.8,13.6,31
1884.290,1884,4,126.9,12.7,30
1884.373,1884,5,110.9,11.8,31
1884.456,1884,6,85.3,10.4,30
1884.540,1884,7,88.5,10.6,31
1884.624,1884,8,93.1,10.8,31
1884.708,1884,9,103.1,11.4,30
1884.791,1884,10,79.6,10.0,31
1884.874,1884,11,60.9,8.8,30
1884.958,1884,12,78.6,10.0,31
1885.042,1885,1,71.4,9.5,31
1885.123,1885,2,119.7,12.3,28
1885.204,1885,3,82.9,10.2,31
1885.288,1885,4,91.7,10.8,30
1885.371,1885,5,121.6,12.4,31
1885.455,1885,6,139.5,13.3,30
1885.538,1885,7,110.9,11.8,31
1885.623,1885,8,83.5,10.3,31
1885.707,1885,9,66.0,9.1,30
1885.790,1885,10,64.5,9.1,31
1885.874,1885,11,51.6,8.1,30
1885.958,1885,12,36.3,6.8,31
1886.042,1886,1,49.8,8.0,31
1886.123,1886,2,43.2,7.4,28
1886.204,1886,3,95.5,11.0,31
1886.288,1886,4,72.9,9.6,30
1886.371,1886,5,51.2,8.0,31
1886.455,1886,6,45.3,7.6,30
1886.538,1886,7,50.4,8.0,31
1886.623,1886,8,28.1,6.0,31
1886.707,1886,9,35.7,6.8,30
1886.790,1886,10,14.4,4.3,31
1886.874,1886,11,0.6,2.1,30
1886.958,1886,12,21.7,5.3,31
1887.042,1887,1,17.0,4.8,31
1887.123,1887,2,22.0,5.4,28
1887.204,1887,3,7.1,3.3,31
1887.288,1887,4,11.6,4.0,30
1887.371,1887,5,33.4,6.5,31
1887.455,1887,6,26.1,5.7,30
1887.538,1887,7,38.9,7.0,31
1887.623,1887,8,35.7,6.8,31
1887.707,1887,9,12.4,4.2,30
1887.790,1887,10,11.0,3.9,31
1887.874,1887,11,11.5,4.0,30
1887.958,1887,12,34.5,6.6,31
1888.042,1888,1,21.2,5.3,31
1888.124,1888,2,11.8,4.1,29
1888.206,1888,3,13.1,4.3,31
1888.290,1888,4,8.5,3.5,30
1888.373,1888,5,11.7,4.1,31
1888.456,1888,6,11.8,4.0,30
1888.540,1888,7,5.0,2.9,31
1888.624,1888,8,4.6,2.9,31
1888.708,1888,9,14.6,4.4,30
1888.791,1888,10,3.4,2.7,31
1888.874,1888,11,17.9,4.8,30
1888.958,1888,12,11.1,3.9,31
1889.042,1889,1,1.3,2.3,31
1889.123,1889,2,14.2,4.5,28
1889.204,1889,3,11.1,4.0,31
1889.288,1889,4,7.3,3.4,30
1889.371,1889,5,4.0,2.8,31
1889.455,1889,6,10.8,4.0,30
1889.538,1889,7,15.8,4.6,31
1889.623,1889,8,34.3,6.7,31
1889.707,1889,9,10.9,3.9,30
1889.790,1889,10,3.4,2.6,31
1889.874,1889,11,0.3,2.0,30
1889.958,1889,12,11.2,4.1,31
1890.042,1890,1,8.8,3.6,31
1890.123,1890,2,1.1,2.2,28
1890.204,1890,3,8.5,3.6,31
1890.288,1890,4,2.7,2.5,30
1890.371,1890,5,7.9,3.5,31
1890.455,1890,6,2.2,2.4,30
1890.538,1890,7,19.3,5.1,31
1890.623,1890,8,14.2,4.4,31
1890.707,1890,9,28.6,6.0,30
1890.790,1890,10,18.6,5.0,31
1890.874,1890,11,15.9,4.7,30
1890.958,1890,12,13.1,4.2,31
1891.042,1891,1,22.5,5.5,31
1891.123,1891,2,36.9,6.9,28
1891.204,1891,3,17.2,4.7,31
1891.288,1891,4,34.2,6.6,30
1891.371,1891,5,68.5,9.3,31
1891.455,1891,6,80.4,10.1,30
1891.538,1891,7,98.0,11.1,31
1891.623,1891,8,55.1,8.3,31
1891.707,1891,9,89.7,10.7,30
1891.790,1891,10,86.0,10.4,31
1891.874,1891,11,69.8,9.4,30
1891.958,1891,12,54.3,8.3,31
1892.042,1892,1,115.2,12.1,31
1892.124,1892,2,126.1,12.6,29
1892.206,1892,3,83.3,10.3,31
1892.290,1892,4,116.0,12.1,30
1892.373,1892,5,132.7,12.9,31
1892.456,1892,6,127.3,12.7,30
1892.540,1892,7,127.6,12.7,31
1892.624,1892,8,169.0,14.6,31
1892.708,1892,9,104.7,11.5,30
1892.791,1892,10,117.5,12.2,31
1892.874,1892,11,108.9,11.7,30
1892.958,1892,12,131.0,12.9,31
1893.042,1893,1,125.0,10.0,31
1893.123,1893,2,121.6,9.8,28
1893.204,1893,3,109.5,9.3,31
1893.288,1893,4,146.8,10.8,30
1893.371,1893,5,141.3,10.6,31
1893.455,1893,6,149.8,10.9,30
1893.538,1893,7,147.6,10.9,31
1893.623,1893,8,215.4,13.1,31
1893.707,1893,9,129.9,10.2,30
1893.790,1893,10,133.3,10.3,31
1893.874,1893,11,125.2,10.0,30
1893.958,1893,12,156.4,11.2,31
1894.042,1894,1,138.6,10.5,31
1894.123,1894,2,141.0,10.6,28
1894.204,1894,3,87.1,8.3,31
1894.288,1894,4,136.0,10.4,30
1894.371,1894,5,168.7,11.6,31
1894.455,1894,6,164.8,11.5,30
1894.538,1894,7,176.7,11.9,31
1894.623,1894,8,117.1,9.6,31
1894.707,1894,9,110.0,9.4,30
1894.790,1894,10,125.7,10.0,31
1894.874,1894,11,94.3,8.7,30
1894.958,1894,12,100.1,8.9,31
1895.042,1895,1,105.4,9.2,31
1895.123,1895,2,112.0,9.4,28
1895.204,1895,3,101.6,9.0,31
1895.288,1895,4,128.2,10.1,30
1895.371,1895,5,112.5,9.4,31
1895.455,1895,6,119.1,9.7,30
1895.538,1895,7,79.7,8.0,31
1895.623,1895,8,114.9,9.6,31
1895.707,1895,9,96.1,8.8,30
1895.790,1895,10,113.2,9.5,31
1895.874,1895,11,78.6,7.9,30
1895.958,1895,12,117.9,9.7,31
1896.042,1896,1,48.4,6.2,31
1896.124,1896,2,95.7,8.7,29
1896.206,1896,3,86.5,8.3,31
1896.290,1896,4,73.0,7.6,30
1896.373,1896,5,46.1,6.1,31
1896.456,1896,6,81.7,8.1,30
1896.540,1896,7,75.2,7.7,31
1896.624,1896,8,45.4,6.0,31
1896.708,1896,9,102.2,9.0,30
1896.791,1896,10,47.9,6.2,31
1896.874,1896,11,63.3,7.1,30
1896.958,1896,12,71.0,7.5,31
1897.042,1897,1,67.6,7.3,31
1897.123,1897,2,49.0,6.2,28
1897.204,1897,3,48.7,6.2,31
1897.288,1897,4,51.7,6.4,30
1897.371,1897,5,33.3,5.2,31
1897.455,1897,6,18.9,4.0,30
1897.538,1897,7,46.1,6.1,31
1897.623,1897,8,36.4,5.4,31
1897.707,1897,9,80.4,8.0,30
1897.790,1897,10,23.9,4.5,31
1897.874,1897,11,14.0,3.5,30
1897.958,1897,12,55.5,6.7,31
1898.042,1898,1,50.4,6.3,31
1898.123,1898,2,60.7,7.0,28
1898.204,1898,3,63.9,7.2,31
1898.288,1898,4,24.2,4.5,30
1898.371,1898,5,43.0,5.9,31
1898.455,1898,6,37.1,5.4,30
1898.538,1898,7,15.0,3.7,31
1898.623,1898,8,52.3,6.5,31
1898.707,1898,9,58.1,6.8,30
1898.790,1898,10,57.1,6.8,31
1898.874,1898,11,51.6,6.4,30
1898.958,1898,12,21.1,4.2,31
1899.042,1899,1,32.4,5.1,31
1899.123,1899,2,15.3,3.7,28
1899.204,1899,3,30.3,5.0,31
1899.288,1899,4,23.6,4.4,30
1899.371,1899,5,12.9,3.3,31
1899.455,1899,6,34.1,5.2,30
1899.538,1899,7,22.5,4.4,31
1899.623,1899,8,4.9,2.6,31
1899.707,1899,9,14.0,3.5,30
1899.790,1899,10,21.7,4.4,31
1899.874,1899,11,13.0,3.4,30
1899.958,1899,12,17.6,3.9,31
1900.042,1900,1,15.7,3.7,31
1900.123,1900,2,22.8,4.5,28
1900.204,1900,3,14.4,3.6,31
1900.288,1900,4,26.8,4.6,30
1900.371,1900,5,25.3,4.6,31
1900.455,1900,6,20.1,4.2,30
1900.538,1900,7,13.9,3.6,31
1900.623,1900,8,7.1,2.9,31
1900.707,1900,9,13.9,3.6,30
1900.790,1900,10,21.6,4.3,31
1900.874,1900,11,7.5,2.9,30
1900.958,1900,12,0.5,2.0,31
1901.042,1901,1,0.4,2.0,31
1901.123,1901,2,4.0,2.4,28
1901.204,1901,3,7.4,3.0,31
1901.288,1901,4,0.0,2.0,30
1901.371,1901,5,17.0,4.0,31
1901.455,1901,6,9.7,3.1,30
1901.538,1901,7,1.2,2.1,31
1901.623,1901,8,1.7,2.2,31
1901.707,1901,9,0.9,2.1,30
1901.790,1901,10,6.3,2.8,31
1901.874,1901,11,6.4,2.7,30
1901.958,1901,12,0.0,2.0,31
1902.042,1902,1,9.3,3.2,31
1902.123,1902,2,0.0,2.0,28
1902.204,1902,3,20.7,4.3,31
1902.288,1902,4,0.0,2.0,30
1902.371,1902,5,4.7,2.5,31
1902.455,1902,6,2.4,2.3,30
1902.538,1902,7,1.5,2.2,31
1902.623,1902,8,3.8,2.4,31
1902.707,1902,9,12.6,3.5,30
1902.790,1902,10,27.2,4.7,31
1902.874,1902,11,17.2,4.0,30
1902.958,1902,12,1.8,2.2,31
1903.042,1903,1,13.9,3.5,31
1903.123,1903,2,28.4,4.8,28
1903.204,1903,3,22.5,4.4,31
1903.288,1903,4,43.5,5.9,30
1903.371,1903,5,24.3,4.5,31
1903.455,1903,6,27.2,4.7,30
1903.538,1903,7,46.4,6.1,31
1903.623,1903,8,48.0,6.2,31
1903.707,1903,9,18.5,4.0,30
1903.790,1903,10,64.8,7.2,31
1903.874,1903,11,74.2,7.7,30
1903.958,1903,12,76.2,7.8,31
1904.042,1904,1,52.6,6.5,31
1904.124,1904,2,40.8,5.7,29
1904.206,1904,3,61.9,7.0,31
1904.290,1904,4,71.6,7.6,30
1904.373,1904,5,65.7,7.2,31
1904.456,1904,6,69.8,7.5,30
1904.540,1904,7,84.3,8.2,31
1904.624,1904,8,97.1,8.8,31
1904.708,1904,9,50.2,6.3,30
1904.791,1904,10,90.4,8.5,31
1904.874,1904,11,63.4,7.1,30
1904.958,1904,12,91.1,8.5,31
1905.042,1905,1,91.2,8.5,31
1905.123,1905,2,143.0,10.7,28
1905.204,1905,3,94.3,8.7,31
1905.288,1905,4,65.5,7.2,30
1905.371,1905,5,79.9,8.0,31
1905.455,1905,6,81.6,8.1,30
1905.538,1905,7,121.6,9.8,31
1905.623,1905,8,98.1,8.8,31
1905.707,1905,9,91.8,8.5,30
1905.790,1905,10,131.2,10.2,31
1905.874,1905,11,178.7,11.9,30
1905.958,1905,12,92.5,8.6,31
1906.042,1906,1,75.8,7.8,31
1906.123,1906,2,52.3,6.5,28
1906.204,1906,3,107.4,9.2,31
1906.288,1906,4,92.2,8.6,30
1906.371,1906,5,96.2,8.7,31
1906.455,1906,6,105.3,9.2,30
1906.538,1906,7,172.7,11.7,31
1906.623,1906,8,79.6,8.0,31
1906.707,1906,9,93.5,8.6,30
1906.790,1906,10,29.7,4.9,31
1906.874,1906,11,64.8,7.2,30
1906.958,1906,12,108.0,9.3,31
1907.042,1907,1,127.4,10.1,31
1907.123,1907,2,180.3,12.0,28
1907.204,1907,3,101.1,9.0,31
1907.288,1907,4,87.6,8.4,30
1907.371,1907,5,71.4,7.5,31
1907.455,1907,6,67.2,7.3,30
1907.538,1907,7,82.9,8.1,31
1907.623,1907,8,90.5,8.5,31
1907.707,1907,9,141.7,10.6,30
1907.790,1907,10,109.1,9.3,31
1907.874,1907,11,102.5,9.0,30
1907.958,1907,12,78.9,7.9,31
1908.042,1908,1,65.4,7.2,31
1908.124,1908,2,56.6,6.7,29
1908.206,1908,3,47.9,6.2,31
1908.290,1908,4,96.1,8.7,30
1908.373,1908,5,68.0,7.4,31
1908.456,1908,6,80.2,8.0,30
1908.540,1908,7,65.8,7.2,31
1908.624,1908,8,150.9,11.0,31
1908.708,1908,9,144.9,10.7,30
1908.791,1908,10,53.9,6.6,31
1908.874,1908,11,75.9,7.8,30
1908.958,1908,12,65.9,7.2,31
1909.042,1909,1,94.6,8.7,31
1909.123,1909,2,77.6,7.9,28
1909.204,1909,3,110.5,9.4,31
1909.288,1909,4,53.7,6.5,30
1909.371,1909,5,60.0,6.9,31
1909.455,1909,6,37.8,5.5,30
1909.538,1909,7,59.6,6.9,31
1909.623,1909,8,38.5,5.5,31
1909.707,1909,9,64.7,7.2,30
1909.790,1909,10,97.4,8.8,31
1909.874,1909,11,93.0,8.6,30
1909.958,1909,12,90.2,8.5,31
1910.042,1910,1,44.0,5.9,31
1910.123,1910,2,52.5,6.5,28
1910.204,1910,3,35.7,5.3,31
1910.288,1910,4,14.1,3.5,30
1910.371,1910,5,36.9,5.4,31
1910.455,1910,6,20.5,4.1,30
1910.538,1910,7,23.5,4.4,31
1910.623,1910,8,19.3,4.1,31
1910.707,1910,9,43.7,5.9,30
1910.790,1910,10,63.9,7.1,31
1910.874,1910,11,8.3,3.0,30
1910.958,1910,12,9.6,3.1,31
1911.042,1911,1,5.6,2.6,31
1911.123,1911,2,15.0,3.7,28
1911.204,1911,3,13.0,3.5,31
1911.288,1911,4,27.6,4.7,30
1911.371,1911,5,15.1,3.7,31
1911.455,1911,6,3.7,2.4,30
1911.538,1911,7,5.9,2.7,31
1911.623,1911,8,6.7,2.7,31
1911.707,1911,9,6.7,2.8,30
1911.790,1911,10,4.5,2.5,31
1911.874,1911,11,7.0,2.7,30
1911.958,1911,12,3.7,2.4,31
1912.042,1912,1,0.4,2.1,31
1912.124,1912,2,0.0,2.0,29
1912.206,1912,3,8.2,2.9,31
1912.290,1912,4,7.6,3.0,30
1912.373,1912,5,7.4,2.8,31
1912.456,1912,6,6.9,2.7,30
1912.540,1912,7,4.9,2.6,31
1912.624,1912,8,0.5,2.1,31
1912.708,1912,9,15.9,3.7,30
1912.791,1912,10,7.6,3.0,31
1912.874,1912,11,1.9,2.3,30
1912.958,1912,12,10.6,3.3,31
1913.042,1913,1,3.8,2.4,31
1913.123,1913,2,4.8,2.6,28
1913.204,1913,3,0.8,2.1,31
1913.288,1913,4,1.6,2.2,30
1913.371,1913,5,0.0,2.0,31
1913.455,1913,6,0.0,2.0,30
1913.538,1913,7,2.9,2.4,31
1913.623,1913,8,0.4,2.0,31
1913.707,1913,9,2.0,2.3,30
1913.790,1913,10,5.2,2.6,31
1913.874,1913,11,1.2,2.1,30
1913.958,1913,12,6.3,2.8,31
1914.042,1914,1,4.7,2.6,31
1914.123,1914,2,4.4,2.5,28
1914.204,1914,3,5.3,2.6,31
1914.288,1914,4,28.9,4.8,30
1914.371,1914,5,8.7,3.1,31
1914.455,1914,6,19.1,4.1,30
1914.538,1914,7,9.1,3.0,31
1914.623,1914,8,12.9,3.5,31
1914.707,1914,9,21.2,4.2,30
1914.790,1914,10,13.7,3.5,31
1914.874,1914,11,27.3,4.7,30
1914.958,1914,12,37.3,5.4,31
1915.042,1915,1,38.5,5.5,31
1915.123,1915,2,70.4,7.5,28
1915.204,1915,3,64.8,7.2,31
1915.288,1915,4,68.9,7.4,30
1915.371,1915,5,55.1,6.7,31
1915.455,1915,6,114.7,9.5,30
1915.538,1915,7,119.4,9.7,31
1915.623,1915,8,116.0,9.6,31
1915.707,1915,9,82.4,8.1,30
1915.790,1915,10,89.1,8.4,31
1915.874,1915,11,70.9,7.5,30
1915.958,1915,12,57.5,6.8,31
1916.042,1916,1,75.5,7.8,31
1916.124,1916,2,92.4,8.6,29
1916.206,1916,3,111.7,9.4,31
1916.290,1916,4,119.8,9.8,30
1916.373,1916,5,124.0,9.9,31
1916.456,1916,6,112.9,9.5,30
1916.540,1916,7,89.3,8.4,31
1916.624,1916,8,58.6,6.9,31
1916.708,1916,9,75.1,7.7,30
1916.791,1916,10,84.5,8.2,31
1916.874,1916,11,109.5,9.3,30
1916.958,1916,12,88.3,8.4,31
1917.042,1917,1,124.5,10.0,31
1917.123,1917,2,119.9,9.8,28
1917.204,1917,3,158.0,11.2,31
1917.288,1917,4,124.6,10.0,30
1917.371,1917,5,190.2,12.3,31
1917.455,1917,6,191.4,12.3,30
1917.538,1917,7,199.7,12.6,31
1917.623,1917,8,257.7,14.3,31
1917.707,1917,9,215.6,13.1,30
1917.790,1917,10,120.3,9.8,31
1917.874,1917,11,160.7,11.3,30
1917.958,1917,12,215.5,13.1,31
1918.042,1918,1,160.0,11.3,31
1918.123,1918,2,108.7,9.3,28
1918.204,1918,3,120.4,9.8,31
1918.288,1918,4,134.1,10.3,30
1918.371,1918,5,127.9,10.1,31
1918.455,1918,6,99.0,8.9,30
1918.538,1918,7,179.5,11.9,31
1918.623,1918,8,169.6,11.6,31
1918.707,1918,9,133.2,10.3,30
1918.790,1918,10,141.7,10.6,31
1918.874,1918,11,139.0,10.5,30
1918.958,1918,12,98.5,8.9,31
1919.042,1919,1,80.2,8.0,31
1919.123,1919,2,132.5,10.3,28
1919.204,1919,3,110.9,9.4,31
1919.288,1919,4,86.3,8.3,30
1919.371,1919,5,146.9,10.8,31
1919.455,1919,6,185.3,12.1,30
1919.538,1919,7,107.8,9.3,31
1919.623,1919,8,115.1,9.6,31
1919.707,1919,9,91.1,8.5,30
1919.790,1919,10,88.0,8.4,31
1919.874,1919,11,69.9,7.5,30
1919.958,1919,12,58.0,6.8,31
1920.042,1920,1,85.3,8.2,31
1920.124,1920,2,89.8,8.5,29
1920.206,1920,3,116.9,9.6,31
1920.290,1920,4,24.7,4.5,30
1920.373,1920,5,55.4,6.6,31
1920.456,1920,6,64.6,7.2,30
1920.540,1920,7,45.7,6.0,31
1920.624,1920,8,31.9,5.1,31
1920.708,1920,9,60.5,7.0,30
1920.791,1920,10,82.7,8.1,31
1920.874,1920,11,45.3,6.0,30
1920.958,1920,12,49.8,6.3,31
1921.042,1921,1,52.5,6.5,31
1921.123,1921,2,47.1,6.1,28
1921.204,1921,3,44.5,6.0,31
1921.288,1921,4,54.0,6.6,30
1921.371,1921,5,37.0,5.5,31
1921.455,1921,6,56.2,6.7,30
1921.538,1921,7,69.7,7.4,31
1921.623,1921,8,38.0,5.5,31
1921.707,1921,9,29.6,4.9,30
1921.790,1921,10,30.3,5.0,31
1921.874,1921,11,29.6,5.0,30
1921.958,1921,12,33.9,5.3,31
1922.042,1922,1,19.7,4.1,31
1922.123,1922,2,43.9,6.0,28
1922.204,1922,3,91.3,8.5,31
1922.288,1922,4,18.3,4.0,30
1922.371,1922,5,13.4,3.5,31
1922.455,1922,6,9.8,3.1,30
1922.538,1922,7,18.3,4.0,31
1922.623,1922,8,10.9,3.3,31
1922.707,1922,9,7.8,2.8,30
1922.790,1922,10,10.4,3.2,31
1922.874,1922,11,12.2,3.3,30
1922.958,1922,12,29.0,5.0,31
1923.042,1923,1,7.5,3.0,31
1923.123,1923,2,2.5,2.3,28
1923.204,1923,3,5.5,2.6,31
1923.288,1923,4,10.2,3.1,30
1923.371,1923,5,5.3,2.6,31
1923.455,1923,6,15.3,3.7,30
1923.538,1923,7,5.9,2.7,31
1923.623,1923,8,0.8,2.1,31
1923.707,1923,9,22.1,4.2,30
1923.790,1923,10,19.5,4.0,31
1923.874,1923,11,16.7,3.8,30
1923.958,1923,12,4.6,2.6,31
1924.042,1924,1,0.8,2.1,31
1924.124,1924,2,8.5,3.1,29
1924.206,1924,3,3.0,2.4,31
1924.290,1924,4,18.9,4.2,30
1924.373,1924,5,34.6,5.3,31
1924.456,1924,6,40.0,5.6,30
1924.540,1924,7,46.9,6.1,31
1924.624,1924,8,32.1,5.1,31
1924.708,1924,9,41.9,5.8,30
1924.791,1924,10,42.6,5.8,31
1924.874,1924,11,37.5,5.6,30
1924.958,1924,12,27.5,4.8,31
1925.042,1925,1,9.1,3.1,31
1925.123,1925,2,38.6,5.6,28
1925.204,1925,3,30.0,5.0,31
1925.288,1925,4,53.0,6.5,30
1925.371,1925,5,71.4,7.5,31
1925.455,1925,6,79.1,7.9,30
1925.538,1925,7,64.2,7.2,31
1925.623,1925,8,63.3,7.1,31
1925.707,1925,9,100.3,8.9,30
1925.790,1925,10,115.3,9.6,31
1925.874,1925,11,97.6,8.8,30
1925.958,1925,12,164.4,11.4,31
1926.042,1926,1,119.7,9.8,31
1926.123,1926,2,116.4,9.6,28
1926.204,1926,3,104.2,9.1,31
1926.288,1926,4,64.2,7.2,30
1926.371,1926,5,107.0,9.2,31
1926.455,1926,6,122.4,9.9,30
1926.538,1926,7,87.2,8.3,31
1926.623,1926,8,102.7,9.0,31
1926.707,1926,9,101.4,9.0,30
1926.790,1926,10,119.3,9.7,31
1926.874,1926,11,100.8,9.0,30
1926.958,1926,12,132.4,10.3,31
1927.042,1927,1,136.0,10.4,31
1927.123,1927,2,155.1,11.1,28
1927.204,1927,3,116.1,9.6,31
1927.288,1927,4,155.8,11.1,30
1927.371,1927,5,131.9,10.2,31
1927.455,1927,6,98.5,8.8,30
1927.538,1927,7,91.6,8.5,31
1927.623,1927,8,89.6,8.4,31
1927.707,1927,9,114.1,9.5,30
1927.790,1927,10,105.2,9.1,31
1927.874,1927,11,112.1,9.4,30
1927.958,1927,12,75.3,7.7,31
1928.042,1928,1,139.2,10.5,31
1928.124,1928,2,122.4,9.9,29
1928.206,1928,3,142.4,10.7,31
1928.290,1928,4,134.3,10.3,30
1928.373,1928,5,128.3,10.1,31
1928.456,1928,6,152.4,11.0,30
1928.540,1928,7,163.4,11.4,31
1928.624,1928,8,139.6,10.5,31
1928.708,1928,9,149.6,10.9,30
1928.791,1928,10,102.3,9.0,31
1928.874,1928,11,83.9,8.2,30
1928.958,1928,12,98.3,8.8,31
1929.042,1929,1,114.8,9.6,31
1929.123,1929,2,104.7,9.1,28
1929.204,1929,3,83.8,8.2,31
1929.288,1929,4,87.9,8.4,30
1929.371,1929,5,97.0,8.8,31
1929.455,1929,6,119.9,9.8,30
1929.538,1929,7,117.1,9.6,31
1929.623,1929,8,109.6,9.3,31
1929.707,1929,9,57.3,6.8,30
1929.790,1929,10,90.1,8.5,31
1929.874,1929,11,135.1,10.4,30
1929.958,1929,12,179.9,12.0,31
1930.042,1930,1,108.8,9.3,31
1930.123,1930,2,83.1,8.1,28
1930.204,1930,3,58.4,6.8,31
1930.288,1930,4,63.7,7.1,30
1930.371,1930,5,61.4,7.0,31
1930.455,1930,6,48.0,6.2,30
1930.538,1930,7,36.5,5.4,31
1930.623,1930,8,41.5,5.7,31
1930.707,1930,9,53.5,6.5,30
1930.790,1930,10,57.2,6.8,31
1930.874,1930,11,59.4,6.9,30
1930.958,1930,12,43.0,5.9,31
1931.042,1931,1,24.4,4.5,31
1931.123,1931,2,71.8,7.6,28
1931.204,1931,3,50.1,6.3,31
1931.288,1931,4,52.0,6.4,30
1931.371,1931,5,40.8,5.7,31
1931.455,1931,6,25.5,4.7,30
1931.538,1931,7,29.0,4.8,31
1931.623,1931,8,21.6,4.3,31
1931.707,1931,9,31.7,5.0,30
1931.790,1931,10,16.6,3.7,31
1931.874,1931,11,31.2,5.1,30
1931.958,1931,12,29.7,4.9,31
1932.042,1932,1,20.1,4.1,31
1932.124,1932,2,17.6,3.9,29
1932.206,1932,3,18.8,4.0,31
1932.290,1932,4,18.7,4.1,30
1932.373,1932,5,29.7,4.9,31
1932.456,1932,6,36.9,5.4,30
1932.540,1932,7,16.0,3.8,31
1932.624,1932,8,11.3,3.3,31
1932.708,1932,9,6.6,2.7,30
1932.791,1932,10,14.8,3.5,31
1932.874,1932,11,13.7,3.5,30
1932.958,1932,12,18.5,3.9,31
1933.042,1933,1,20.4,4.2,31
1933.123,1933,2,36.9,5.6,28
1933.204,1933,3,16.8,3.8,31
1933.288,1933,4,4.9,2.6,30
1933.371,1933,5,5.3,2.6,31
1933.455,1933,6,8.7,3.0,30
1933.538,1933,7,4.7,2.6,31
1933.623,1933,8,0.4,2.0,31
1933.707,1933,9,8.5,3.0,30
1933.790,1933,10,5.0,2.6,31
1933.874,1933,11,1.0,2.1,30
1933.958,1933,12,0.4,2.1,31
1934.042,1934,1,5.7,2.7,31
1934.123,1934,2,12.9,3.4,28
1934.204,1934,3,7.2,2.8,31
1934.288,1934,4,18.8,4.0,30
1934.371,1934,5,32.9,5.2,31
1934.455,1934,6,11.2,3.3,30
1934.538,1934,7,15.3,3.7,31
1934.623,1934,8,13.9,3.6,31
1934.707,1934,9,6.7,2.8,30
1934.790,1934,10,9.5,3.0,31
1934.874,1934,11,14.5,3.6,30
1934.958,1934,12,25.7,4.7,31
1935.042,1935,1,31.1,5.0,31
1935.123,1935,2,34.1,5.2,28
1935.204,1935,3,38.5,5.6,31
1935.288,1935,4,20.4,4.2,30
1935.371,1935,5,45.4,6.1,31
1935.455,1935,6,76.2,7.8,30
1935.538,1935,7,56.5,6.7,31
1935.623,1935,8,50.2,6.3,31
1935.707,1935,9,70.1,7.5,30
1935.790,1935,10,88.7,8.4,31
1935.874,1935,11,107.0,9.2,30
1935.958,1935,12,102.5,9.0,31
1936.042,1936,1,104.7,9.1,31
1936.124,1936,2,123.9,9.9,29
1936.206,1936,3,128.4,10.1,31
1936.290,1936,4,124.8,10.0,30
1936.373,1936,5,90.9,8.5,31
1936.456,1936,6,116.7,9.6,30
1936.540,1936,7,87.2,8.3,31
1936.624,1936,8,145.0,10.7,31
1936.708,1936,9,126.7,10.0,30
1936.791,1936,10,148.2,10.9,31
1936.874,1936,11,192.3,12.4,30
1936.958,1936,12,205.6,12.8,31
1937.042,1937,1,220.9,13.3,31
1937.123,1937,2,214.1,13.0,28
1937.204,1937,3,139.7,10.5,31
1937.288,1937,4,182.2,12.0,30
1937.371,1937,5,194.4,12.4,31
1937.455,1937,6,217.1,13.1,30
1937.538,1937,7,241.8,13.9,31
1937.623,1937,8,229.5,13.5,31
1937.707,1937,9,167.9,11.6,30
1937.790,1937,10,208.2,12.9,31
1937.874,1937,11,123.9,9.9,30
1937.958,1937,12,147.9,10.8,31
1938.042,1938,1,164.0,11.4,31
1938.123,1938,2,198.6,12.6,28
1938.204,1938,3,144.2,10.7,31
1938.288,1938,4,168.4,11.6,30
1938.371,1938,5,212.3,13.0,31
1938.455,1938,6,162.6,11.4,30
1938.538,1938,7,275.6,14.8,31
1938.623,1938,8,192.8,12.4,31
1938.707,1938,9,149.3,10.9,30
1938.790,1938,10,165.3,11.5,31
1938.874,1938,11,203.6,12.7,30
1938.958,1938,12,154.7,11.1,31
1939.042,1939,1,133.9,10.3,31
1939.123,1939,2,129.0,10.1,28
1939.204,1939,3,107.8,9.3,31
1939.288,1939,4,181.9,12.0,30
1939.371,1939,5,197.3,12.5,31
1939.455,1939,6,168.3,11.6,30
1939.538,1939,7,162.6,11.4,31
1939.623,1939,8,176.3,11.8,31
1939.707,1939,9,187.7,12.2,30
1939.790,1939,10,146.9,10.8,31
1939.874,1939,11,113.7,9.5,30
1939.958,1939,12,70.2,7.5,31
1940.042,1940,1,84.1,8.2,31
1940.124,1940,2,99.1,8.9,29
1940.206,1940,3,138.9,10.5,31
1940.290,1940,4,101.1,9.0,30
1940.373,1940,5,90.6,8.5,31
1940.456,1940,6,139.8,10.5,30
1940.540,1940,7,112.5,9.5,31
1940.624,1940,8,175.9,11.8,31
1940.708,1940,9,110.8,9.4,30
1940.791,1940,10,91.5,8.5,31
1940.874,1940,11,97.4,8.8,30
1940.958,1940,12,113.8,9.5,31
1941.042,1941,1,76.1,7.8,31
1941.123,1941,2,74.3,7.7,28
1941.204,1941,3,77.5,7.8,31
1941.288,1941,4,54.6,6.6,30
1941.371,1941,5,49.0,6.3,31
1941.455,1941,6,99.6,8.9,30
1941.538,1941,7,111.4,9.4,31
1941.623,1941,8,100.1,8.9,31
1941.707,1941,9,109.8,9.4,30
1941.790,1941,10,77.2,7.8,31
1941.874,1941,11,64.0,7.2,30
1941.958,1941,12,56.2,6.7,31
1942.042,1942,1,59.5,6.9,31
1942.123,1942,2,87.9,8.4,28
1942.204,1942,3,90.4,8.5,31
1942.288,1942,4,101.2,9.0,30
1942.371,1942,5,41.8,5.8,31
1942.455,1942,6,18.9,4.0,30
1942.538,1942,7,29.6,4.9,31
1942.623,1942,8,33.7,5.2,31
1942.707,1942,9,28.7,4.8,30
1942.790,1942,10,32.0,5.1,31
1942.874,1942,11,51.3,6.4,30
1942.958,1942,12,37.6,5.5,31
1943.042,1943,1,20.7,4.1,31
1943.123,1943,2,48.1,6.2,28
1943.204,1943,3,45.7,6.0,31
1943.288,1943,4,43.5,5.9,30
1943.371,1943,5,23.6,4.3,31
1943.455,1943,6,12.7,3.4,30
1943.538,1943,7,22.0,4.3,31
1943.623,1943,8,32.3,5.1,31
1943.707,1943,9,16.7,3.9,30
1943.790,1943,10,13.0,3.4,31
1943.874,1943,11,17.0,3.9,30
1943.958,1943,12,31.4,5.1,31
1944.042,1944,1,6.1,2.7,31
1944.124,1944,2,0.8,2.1,29
1944.206,1944,3,18.3,4.0,31
1944.290,1944,4,0.4,2.1,30
1944.373,1944,5,4.1,2.6,31
1944.456,1944,6,8.2,2.8,30
1944.540,1944,7,8.5,2.9,31
1944.624,1944,8,27.9,4.8,31
1944.708,1944,9,23.7,4.4,30
1944.791,1944,10,28.1,4.8,31
1944.874,1944,11,17.9,3.9,30
1944.958,1944,12,47.4,6.2,31
1945.042,1945,1,30.8,5.0,31
1945.123,1945,2,21.2,4.2,28
1945.204,1945,3,35.9,5.4,31
1945.288,1945,4,53.4,6.5,30
1945.371,1945,5,51.0,6.4,31
1945.455,1945,6,60.2,6.9,30
1945.538,1945,7,71.0,7.5,31
1945.623,1945,8,43.1,5.9,31
1945.707,1945,9,58.1,6.8,30
1945.790,1945,10,114.5,9.5,31
1945.874,1945,11,76.6,7.8,30
1945.958,1945,12,45.7,6.0,31
1946.042,1946,1,79.3,7.9,31
1946.123,1946,2,143.8,10.7,28
1946.204,1946,3,127.7,10.1,31
1946.288,1946,4,126.1,10.0,30
1946.371,1946,5,141.6,10.6,31
1946.455,1946,6,122.6,9.9,30
1946.538,1946,7,193.7,12.4,31
1946.623,1946,8,178.7,11.9,31
1946.707,1946,9,157.4,11.2,30
1946.790,1946,10,170.5,11.6,31
1946.874,1946,11,206.3,12.8,30
1946.958,1946,12,202.9,12.7,31
1947.042,1947,1,163.7,8.5,31
1947.123,1947,2,188.9,9.2,28
1947.204,1947,3,183.8,9.1,31
1947.288,1947,4,212.1,9.7,30
1947.371,1947,5,285.0,11.3,31
1947.455,1947,6,232.1,10.2,30
1947.538,1947,7,223.5,10.0,31
1947.623,1947,8,267.4,10.9,31
1947.707,1947,9,239.9,10.4,30
1947.790,1947,10,231.7,10.2,31
1947.874,1947,11,181.3,9.0,30
1947.958,1947,12,164.9,8.6,31
1948.042,1948,1,153.6,8.3,31
1948.124,1948,2,122.0,7.4,29
1948.206,1948,3,134.3,7.7,31
1948.290,1948,4,268.5,11.0,30
1948.373,1948,5,246.4,10.5,31
1948.456,1948,6,237.5,10.3,30
1948.540,1948,7,201.4,9.5,31
1948.624,1948,8,223.7,10.0,31
1948.708,1948,9,202.9,9.5,30
1948.791,1948,10,192.9,9.3,31
1948.874,1948,11,135.6,7.8,30
1948.958,1948,12,195.3,9.3,31
1949.042,1949,1,168.6,8.7,31
1949.123,1949,2,258.0,10.8,28
1949.204,1949,3,223.0,10.0,31
1949.288,1949,4,208.1,9.7,30
1949.371,1949,5,150.4,8.2,31
1949.455,1949,6,172.4,8.8,30
1949.538,1949,7,178.3,8.9,31
1949.623,1949,8,175.3,8.9,31
1949.707,1949,9,205.8,9.6,30
1949.790,1949,10,186.3,9.1,31
1949.874,1949,11,203.2,9.5,30
1949.958,1949,12,166.6,8.6,31
1950.042,1950,1,143.9,8.0,31
1950.123,1950,2,134.3,7.7,28
1950.204,1950,3,155.4,8.3,31
1950.288,1950,4,160.6,8.5,30
1950.371,1950,5,150.5,8.2,31
1950.455,1950,6,118.3,7.3,30
1950.538,1950,7,128.9,7.6,31
1950.623,1950,8,120.6,7.3,31
1950.707,1950,9,72.7,5.7,30
1950.790,1950,10,87.0,6.2,31
1950.874,1950,11,77.7,5.9,30
1950.958,1950,12,76.7,5.9,31
1951.042,1951,1,85.0,6.2,31
1951.123,1951,2,84.8,6.1,28
1951.204,1951,3,79.3,5.9,31
1951.288,1951,4,131.7,7.7,30
1951.371,1951,5,153.7,8.3,31
1951.455,1951,6,142.4,8.0,30
1951.538,1951,7,87.2,6.2,31
1951.623,1951,8,86.5,6.2,31
1951.707,1951,9,117.7,7.2,30
1951.790,1951,10,73.3,5.7,31
1951.874,1951,11,74.2,5.7,30
1951.958,1951,12,65.0,5.4,31
1952.042,1952,1,57.9,5.1,31
1952.124,1952,2,32.4,3.8,29
1952.206,1952,3,31.5,3.8,31
1952.290,1952,4,41.7,4.3,30
1952.373,1952,5,33.6,3.9,31
1952.456,1952,6,52.0,4.8,30
1952.540,1952,7,56.1,5.0,31
1952.624,1952,8,77.8,5.9,31
1952.708,1952,9,40.4,4.3,30
1952.791,1952,10,34.2,3.9,31
1952.874,1952,11,31.8,3.8,30
1952.958,1952,12,48.9,4.7,31
1953.042,1953,1,37.9,4.1,31
1953.123,1953,2,5.9,1.7,28
1953.204,1953,3,14.7,2.6,31
1953.288,1953,4,39.6,4.2,30
1953.371,1953,5,18.3,2.9,31
1953.455,1953,6,31.5,3.8,30
1953.538,1953,7,12.7,2.4,31
1953.623,1953,8,33.6,3.9,31
1953.707,1953,9,28.0,3.6,30
1953.790,1953,10,12.3,2.4,31
1953.874,1953,11,2.5,1.1,30
1953.958,1953,12,3.9,1.3,31
1954.042,1954,1,0.4,0.4,31
1954.123,1954,2,0.8,0.6,28
1954.204,1954,3,15.8,2.7,31
1954.288,1954,4,2.7,1.1,30
1954.371,1954,5,1.2,0.7,31
1954.455,1954,6,0.4,0.4,30
1954.538,1954,7,7.3,1.9,31
1954.623,1954,8,12.6,2.4,31
1954.707,1954,9,2.3,1.0,30
1954.790,1954,10,10.5,2.2,31
1954.874,1954,11,13.4,2.5,30
1954.958,1954,12,11.3,2.3,31
1955.042,1955,1,33.4,3.9,31
1955.123,1955,2,29.9,3.7,28
1955.204,1955,3,7.3,1.9,31
1955.288,1955,4,16.4,2.7,30
1955.371,1955,5,41.3,4.3,31
1955.455,1955,6,45.2,4.5,30
1955.538,1955,7,38.2,4.1,31
1955.623,1955,8,58.0,5.1,31
1955.707,1955,9,60.8,5.2,30
1955.790,1955,10,83.0,6.1,31
1955.874,1955,11,126.3,7.5,30
1955.958,1955,12,108.8,6.9,31
1956.042,1956,1,104.1,6.8,31
1956.124,1956,2,175.6,8.9,29
1956.206,1956,3,167.7,8.6,31
1956.290,1956,4,156.7,8.4,30
1956.373,1956,5,193.4,9.3,31
1956.456,1956,6,165.1,8.6,30
1956.540,1956,7,182.7,9.0,31
1956.624,1956,8,240.2,10.4,31
1956.708,1956,9,245.4,10.5,30
1956.791,1956,10,219.9,9.9,31
1956.874,1956,11,285.0,11.3,30
1956.958,1956,12,272.0,11.0,31
1957.042,1957,1,233.7,10.2,31
1957.123,1957,2,184.5,9.1,28
1957.204,1957,3,222.8,10.0,31
1957.288,1957,4,248.0,10.5,30
1957.371,1957,5,233.0,10.2,31
1957.455,1957,6,284.3,11.3,30
1957.538,1957,7,265.1,10.9,31
1957.623,1957,8,223.7,10.0,31
1957.707,1957,9,334.0,12.3,30
1957.790,1957,10,359.4,12.7,31
1957.874,1957,11,298.6,11.6,30
1957.958,1957,12,339.0,12.3,31
1958.042,1958,1,286.7,11.3,31
1958.123,1958,2,233.6,10.2,28
1958.204,1958,3,270.0,11.0,31
1958.288,1958,4,277.6,11.2,30
1958.371,1958,5,248.2,10.5,31
1958.455,1958,6,242.9,10.4,30
1958.538,1958,7,271.0,11.0,31
1958.623,1958,8,283.5,11.3,31
1958.707,1958,9,285.1,11.3,30
1958.790,1958,10,256.9,10.7,31
1958.874,1958,11,215.6,9.8,30
1958.958,1958,12,265.7,10.9,31
1959.042,1959,1,307.7,11.7,31
1959.123,1959,2,202.6,9.5,28
1959.204,1959,3,263.0,10.9,31
1959.288,1959,4,231.3,10.2,30
1959.371,1959,5,243.6,10.4,31
1959.455,1959,6,238.9,10.3,30
1959.538,1959,7,211.9,9.7,31
1959.623,1959,8,282.6,11.3,31
1959.707,1959,9,205.6,9.6,30
1959.790,1959,10,157.7,8.4,31
1959.874,1959,11,175.6,8.9,30
1959.958,1959,12,177.1,8.9,31
1960.042,1960,1,207.2,9.6,31
1960.124,1960,2,149.9,8.2,29
1960.206,1960,3,144.6,8.0,31
1960.290,1960,4,172.7,8.8,30
1960.373,1960,5,169.3,8.7,31
1960.456,1960,6,156.0,8.3,30
1960.540,1960,7,172.4,8.8,31
1960.624,1960,8,190.0,9.2,31
1960.708,1960,9,180.1,9.0,30
1960.791,1960,10,117.3,7.2,31
1960.874,1960,11,126.9,7.5,30
1960.958,1960,12,121.2,7.4,31
1961.042,1961,1,82.1,6.0,31
1961.123,1961,2,65.4,5.4,28
1961.204,1961,3,75.2,5.8,31
1961.288,1961,4,86.9,6.2,30
1961.371,1961,5,72.3,5.7,31
1961.455,1961,6,109.5,7.0,30
1961.538,1961,7,99.3,6.6,31
1961.623,1961,8,79.2,6.0,31
1961.707,1961,9,90.1,6.3,30
1961.790,1961,10,53.7,4.9,31
1961.874,1961,11,46.5,4.6,30
1961.958,1961,12,56.9,5.0,31
1962.042,1962,1,55.1,5.0,31
1962.123,1962,2,71.7,5.7,28
1962.204,1962,3,64.9,5.4,31
1962.288,1962,4,65.9,5.4,30
1962.371,1962,5,61.9,5.2,31
1962.455,1962,6,59.6,5.2,30
1962.538,1962,7,31.4,3.8,31
1962.623,1962,8,31.5,3.8,31
1962.707,1962,9,72.7,5.7,30
1962.790,1962,10,56.1,5.0,31
1962.874,1962,11,38.8,4.2,30
1962.958,1962,12,33.2,3.9,31
1963.042,1963,1,28.7,3.6,31
1963.123,1963,2,35.2,4.0,28
1963.204,1963,3,24.8,3.4,31
1963.288,1963,4,41.7,4.3,30
1963.371,1963,5,61.1,5.2,31
1963.455,1963,6,51.2,4.8,30
1963.538,1963,7,28.7,3.6,31
1963.623,1963,8,47.5,4.6,31
1963.707,1963,9,55.2,5.0,30
1963.790,1963,10,50.1,4.7,31
1963.874,1963,11,33.7,3.9,30
1963.958,1963,12,21.6,3.2,31
1964.042,1964,1,22.6,3.2,31
1964.124,1964,2,25.3,3.4,29
1964.206,1964,3,24.1,3.3,31
1964.290,1964,4,12.9,2.5,30
1964.373,1964,5,14.3,2.6,31
1964.456,1964,6,13.5,2.5,30
1964.540,1964,7,4.8,1.5,31
1964.624,1964,8,13.8,2.5,31
1964.708,1964,9,7.0,1.8,30
1964.791,1964,10,9.2,2.1,31
1964.874,1964,11,11.1,2.3,30
1964.958,1964,12,22.1,3.2,31
1965.042,1965,1,25.4,3.4,31
1965.123,1965,2,20.8,3.1,28
1965.204,1965,3,17.5,2.8,31
1965.288,1965,4,10.2,2.2,30
1965.371,1965,5,34.5,3.9,31
1965.455,1965,6,23.3,3.3,30
1965.538,1965,7,17.3,2.8,31
1965.623,1965,8,13.3,2.5,31
1965.707,1965,9,24.5,3.4,30
1965.790,1965,10,29.1,3.6,31
1965.874,1965,11,22.8,3.2,30
1965.958,1965,12,24.7,3.4,31
1966.042,1966,1,40.3,4.3,31
1966.123,1966,2,35.3,4.0,28
1966.204,1966,3,36.4,4.0,31
1966.288,1966,4,69.0,5.5,30
1966.371,1966,5,64.2,5.3,31
1966.455,1966,6,67.7,5.5,30
1966.538,1966,7,80.2,6.0,31
1966.623,1966,8,72.6,5.7,31
1966.707,1966,9,71.1,5.6,30
1966.790,1966,10,81.2,6.0,31
1966.874,1966,11,81.0,6.0,30
1966.958,1966,12,99.8,6.7,31
1967.042,1967,1,157.0,8.4,31
1967.123,1967,2,132.6,7.7,28
1967.204,1967,3,158.3,8.4,31
1967.288,1967,4,98.4,6.6,30
1967.371,1967,5,122.5,7.4,31
1967.455,1967,6,95.4,6.5,30
1967.538,1967,7,129.5,7.6,31
1967.623,1967,8,151.8,8.2,31
1967.707,1967,9,108.7,7.0,30
1967.790,1967,10,125.0,7.5,31
1967.874,1967,11,133.6,7.7,30
1967.958,1967,12,179.0,8.9,31
1968.042,1968,1,172.5,8.8,31
1968.124,1968,2,158.5,8.4,29
1968.206,1968,3,130.5,7.6,31
1968.290,1968,4,115.0,7.2,30
1968.373,1968,5,180.0,9.0,31
1968.456,1968,6,156.2,8.3,30
1968.540,1968,7,136.2,7.8,31
1968.624,1968,8,154.8,8.3,31
1968.708,1968,9,166.0,8.6,30
1968.791,1968,10,152.5,8.2,31
1968.874,1968,11,121.7,7.4,30
1968.958,1968,12,155.5,8.3,31
1969.042,1969,1,147.8,8.1,31
1969.123,1969,2,170.5,8.7,28
1969.204,1969,3,192.3,9.3,31
1969.288,1969,4,151.1,8.2,30
1969.371,1969,5,169.9,8.7,31
1969.455,1969,6,150.1,8.2,30
1969.538,1969,7,137.1,7.8,31
1969.623,1969,8,138.8,7.9,31
1969.707,1969,9,129.3,7.6,30
1969.790,1969,10,135.4,7.8,31
1969.874,1969,11,132.4,7.7,30
1969.958,1969,12,138.6,7.9,31
1970.042,1970,1,157.9,8.4,31
1970.123,1970,2,180.8,9.0,28
1970.204,1970,3,145.7,8.1,31
1970.288,1970,4,155.1,8.3,30
1970.371,1970,5,180.5,9.0,31
1970.455,1970,6,151.3,8.2,30
1970.538,1970,7,159.3,8.4,31
1970.623,1970,8,131.7,7.7,31
1970.707,1970,9,140.8,7.9,30
1970.790,1970,10,122.6,7.4,31
1970.874,1970,11,134.8,7.8,30
1970.958,1970,12,118.2,7.2,31
1971.042,1971,1,129.2,7.6,31
1971.123,1971,2,111.8,7.0,28
1971.204,1971,3,85.9,6.2,31
1971.288,1971,4,101.6,6.7,30
1971.371,1971,5,81.5,6.0,31
1971.455,1971,6,70.7,5.6,30
1971.538,1971,7,114.7,7.1,31
1971.623,1971,8,87.0,6.2,31
1971.707,1971,9,71.3,5.6,30
1971.790,1971,10,73.4,5.7,31
1971.874,1971,11,89.5,6.3,30
1971.958,1971,12,116.5,7.2,31
1972.042,1972,1,87.0,6.2,31
1972.124,1972,2,125.3,7.5,29
1972.206,1972,3,113.5,7.1,31
1972.290,1972,4,89.6,6.3,30
1972.373,1972,5,113.9,7.1,31
1972.456,1972,6,124.7,7.4,30
1972.540,1972,7,108.3,6.9,31
1972.624,1972,8,108.9,7.0,31
1972.708,1972,9,90.7,6.4,30
1972.791,1972,10,86.9,6.2,31
1972.874,1972,11,59.2,5.2,30
1972.958,1972,12,64.3,5.4,31
1973.042,1973,1,61.8,5.2,31
1973.123,1973,2,60.9,5.2,28
1973.204,1973,3,65.4,5.4,31
1973.288,1973,4,81.8,6.0,30
1973.371,1973,5,60.3,5.2,31
1973.455,1973,6,56.1,5.0,30
1973.538,1973,7,33.2,3.9,31
1973.623,1973,8,36.6,4.1,31
1973.707,1973,9,84.1,6.1,30
1973.790,1973,10,43.7,4.4,31
1973.874,1973,11,34.3,3.9,30
1973.958,1973,12,33.3,3.9,31
1974.042,1974,1,39.4,4.2,31
1974.123,1974,2,37.3,4.1,28
1974.204,1974,3,30.9,3.8,31
1974.288,1974,4,57.5,5.1,30
1974.371,1974,5,56.3,5.0,31
1974.455,1974,6,51.5,4.8,30
1974.538,1974,7,79.1,5.9,31
1974.623,1974,8,47.9,4.6,31
1974.707,1974,9,57.2,5.0,30
1974.790,1974,10,67.2,5.5,31
1974.874,1974,11,35.9,4.0,30
1974.958,1974,12,29.6,3.7,31
1975.042,1975,1,27.3,3.5,31
1975.123,1975,2,16.7,2.8,28
1975.204,1975,3,16.9,2.8,31
1975.288,1975,4,7.7,1.9,30
1975.371,1975,5,13.1,2.5,31
1975.455,1975,6,16.7,2.8,30
1975.538,1975,7,40.4,4.3,31
1975.623,1975,8,56.7,5.0,31
1975.707,1975,9,20.3,3.1,30
1975.790,1975,10,13.6,2.5,31
1975.874,1975,11,27.9,3.6,30
1975.958,1975,12,11.6,2.3,31
1976.042,1976,1,11.9,2.3,31
1976.124,1976,2,6.4,1.7,29
1976.206,1976,3,31.5,3.8,31
1976.290,1976,4,27.3,3.5,30
1976.373,1976,5,18.2,2.9,31
1976.456,1976,6,17.9,2.9,30
1976.540,1976,7,2.9,1.2,31
1976.624,1976,8,24.1,3.3,31
1976.708,1976,9,20.0,3.0,30
1976.791,1976,10,29.7,3.7,31
1976.874,1976,11,7.9,1.9,30
1976.958,1976,12,22.3,3.2,31
1977.042,1977,1,23.8,3.3,31
1977.123,1977,2,33.3,3.9,28
1977.204,1977,3,13.0,2.5,31
1977.288,1977,4,19.0,3.0,30
1977.371,1977,5,27.0,3.5,31
1977.455,1977,6,54.9,5.0,30
1977.538,1977,7,30.6,3.7,31
1977.623,1977,8,43.0,4.4,31
1977.707,1977,9,62.4,5.3,30
1977.790,1977,10,62.1,5.3,31
1977.874,1977,11,41.6,4.3,30
1977.958,1977,12,61.4,5.2,31
1978.042,1978,1,73.7,5.7,31
1978.123,1978,2,132.6,7.7,28
1978.204,1978,3,108.4,6.9,31
1978.288,1978,4,141.2,7.9,30
1978.371,1978,5,117.1,7.2,31
1978.455,1978,6,134.6,7.8,30
1978.538,1978,7,99.7,6.7,31
1978.623,1978,8,82.4,6.0,31
1978.707,1978,9,195.7,9.3,30
1978.790,1978,10,177.1,8.9,31
1978.874,1978,11,138.5,7.9,30
1978.958,1978,12,173.9,8.8,31
1979.042,1979,1,235.9,10.3,31
1979.123,1979,2,194.7,9.3,28
1979.204,1979,3,195.3,9.3,31
1979.288,1979,4,143.7,8.0,30
1979.371,1979,5,190.3,9.2,31
1979.455,1979,6,211.7,9.7,30
1979.538,1979,7,225.7,10.0,31
1979.623,1979,8,201.4,9.5,31
1979.707,1979,9,266.9,10.9,30
1979.790,1979,10,263.6,10.9,31
1979.874,1979,11,259.5,10.8,30
1979.958,1979,12,249.6,10.6,31
1980.042,1980,1,226.1,10.1,31
1980.124,1980,2,219.4,9.9,29
1980.206,1980,3,178.7,8.9,31
1980.290,1980,4,232.2,10.2,30
1980.373,1980,5,254.7,10.7,31
1980.456,1980,6,222.7,10.0,30
1980.540,1980,7,192.9,9.3,31
1980.624,1980,8,191.7,9.3,31
1980.708,1980,9,219.6,9.9,30
1980.791,1980,10,233.3,10.2,31
1980.874,1980,11,209.5,9.7,30
1980.958,1980,12,246.9,10.5,31
1981.042,1981,1,156.6,9.5,271
1981.123,1981,2,189.9,12.4,229
1981.204,1981,3,196.6,11.6,244
1981.288,1981,4,225.3,14.9,254
1981.371,1981,5,194.7,13.4,268
1981.455,1981,6,131.6,9.5,227
1981.538,1981,7,205.3,13.0,268
1981.623,1981,8,242.5,13.9,276
1981.707,1981,9,245.3,18.5,255
1981.790,1981,10,216.2,12.1,243
1981.874,1981,11,186.0,14.2,248
1981.958,1981,12,195.4,11.9,266
1982.042,1982,1,149.8,10.2,287
1982.123,1982,2,230.9,13.6,256
1982.204,1982,3,221.1,11.4,263
1982.288,1982,4,170.3,8.3,284
1982.371,1982,5,119.3,8.5,318
1982.455,1982,6,163.7,11.2,313
1982.538,1982,7,139.4,14.0,292
1982.623,1982,8,161.9,11.8,301
1982.707,1982,9,167.4,9.7,308
1982.790,1982,10,134.3,10.4,308
1982.874,1982,11,127.5,18.6,244
1982.958,1982,12,169.0,15.4,262
1983.042,1983,1,115.5,8.7,267
1983.123,1983,2,73.1,6.3,261
1983.204,1983,3,88.7,7.1,259
1983.288,1983,4,109.6,9.7,282
1983.371,1983,5,132.5,9.4,330
1983.455,1983,6,131.5,8.2,361
1983.538,1983,7,108.9,7.3,431
1983.623,1983,8,96.0,8.4,429
1983.707,1983,9,69.9,5.5,397
1983.790,1983,10,72.5,7.0,431
1983.874,1983,11,45.7,7.3,363
1983.958,1983,12,45.6,5.5,405
1984.042,1984,1,74.8,6.5,399
1984.124,1984,2,110.2,8.1,377
1984.206,1984,3,116.7,8.7,395
1984.290,1984,4,90.4,7.6,407
1984.373,1984,5,96.9,7.0,462
1984.456,1984,6,65.1,5.4,438
1984.540,1984,7,55.7,5.1,468
1984.624,1984,8,35.0,3.4,509
1984.708,1984,9,22.6,3.9,429
1984.791,1984,10,12.6,3.8,428
1984.874,1984,11,26.5,4.7,394
1984.958,1984,12,21.4,3.9,397
1985.042,1985,1,17.8,3.9,425
1985.123,1985,2,20.7,3.8,412
1985.204,1985,3,16.9,3.9,389
1985.288,1985,4,20.4,3.7,468
1985.371,1985,5,32.4,3.7,457
1985.455,1985,6,28.3,3.9,465
1985.538,1985,7,39.9,3.8,540
1985.623,1985,8,10.1,3.5,546
1985.707,1985,9,4.3,2.4,511
1985.790,1985,10,22.0,4.2,486
1985.874,1985,11,17.9,2.6,422
1985.958,1985,12,15.8,4.6,422
1986.042,1986,1,2.8,2.8,460
1986.123,1986,2,27.9,3.6,420
1986.204,1986,3,13.8,3.8,433
1986.288,1986,4,22.4,4.1,449
1986.371,1986,5,16.1,3.6,530
1986.455,1986,6,0.6,2.1,494
1986.538,1986,7,18.1,3.9,510
1986.623,1986,8,9.9,2.3,567
1986.707,1986,9,5.1,3.0,505
1986.790,1986,10,40.1,4.4,507
1986.874,1986,11,15.4,4.3,515
1986.958,1986,12,5.8,2.8,544
1987.042,1987,1,9.8,2.7,487
1987.123,1987,2,3.4,2.6,429
1987.204,1987,3,17.4,3.0,501
1987.288,1987,4,46.0,4.4,581
1987.371,1987,5,39.1,3.5,566
1987.455,1987,6,18.8,3.5,586
1987.538,1987,7,38.2,4.3,645
1987.623,1987,8,47.9,3.3,619
1987.707,1987,9,42.2,3.5,609
1987.790,1987,10,63.4,4.8,501
1987.874,1987,11,48.8,5.1,417
1987.958,1987,12,29.1,3.2,455
1988.042,1988,1,70.5,5.5,484
1988.124,1988,2,45.4,4.6,525
1988.206,1988,3,91.2,5.7,516
1988.290,1988,4,108.8,6.7,562
1988.373,1988,5,74.2,6.1,582
1988.456,1988,6,124.3,8.3,574
1988.540,1988,7,131.4,9.6,605
1988.624,1988,8,139.4,9.0,649
1988.708,1988,9,142.7,9.4,551
1988.791,1988,10,156.5,9.7,530
1988.874,1988,11,156.8,8.9,488
1988.958,1988,12,231.2,13.5,490
1989.042,1989,1,210.1,15.0,536
1989.123,1989,2,208.7,12.7,489
1989.204,1989,3,170.4,10.2,573
1989.288,1989,4,166.3,9.7,534
1989.371,1989,5,195.4,10.6,668
1989.455,1989,6,284.5,15.5,619
1989.538,1989,7,180.5,10.2,673
1989.623,1989,8,232.0,13.5,639
1989.707,1989,9,225.1,14.9,585
1989.790,1989,10,212.2,11.2,562
1989.874,1989,11,238.2,15.2,550
1989.958,1989,12,211.4,13.5,504
1990.042,1990,1,227.4,13.6,516
1990.123,1990,2,171.8,11.3,518
1990.204,1990,3,191.7,11.0,592
1990.288,1990,4,189.7,10.1,575
1990.371,1990,5,175.2,10.0,691
1990.455,1990,6,153.3,9.1,599
1990.538,1990,7,191.1,9.8,661
1990.623,1990,8,252.1,12.8,714
1990.707,1990,9,169.1,9.2,622
1990.790,1990,10,199.4,12.6,605
1990.874,1990,11,178.8,12.3,536
1990.958,1990,12,197.1,12.6,479
1991.042,1991,1,195.3,14.5,552
1991.123,1991,2,240.3,13.9,493
1991.204,1991,3,197.0,11.8,546
1991.288,1991,4,197.6,11.9,590
1991.371,1991,5,166.9,9.9,625
1991.455,1991,6,224.7,12.9,620
1991.538,1991,7,240.2,13.7,661
1991.623,1991,8,240.8,14.3,707
1991.707,1991,9,168.9,11.3,621
1991.790,1991,10,197.1,13.2,524
1991.874,1991,11,159.5,10.1,487
1991.958,1991,12,212.6,14.1,506
1992.042,1992,1,198.3,12.9,566
1992.124,1992,2,230.7,14.5,590
1992.206,1992,3,151.0,9.2,537
1992.290,1992,4,142.2,9.5,660
1992.373,1992,5,94.3,7.7,746
1992.456,1992,6,98.5,6.6,706
1992.540,1992,7,114.2,7.7,761
1992.624,1992,8,91.9,6.7,794
1992.708,1992,9,94.0,5.5,764
1992.791,1992,10,133.4,8.2,623
1992.874,1992,11,129.6,8.2,559
1992.958,1992,12,122.0,8.4,539
1993.042,1993,1,81.4,5.9,583
1993.123,1993,2,127.8,8.3,551
1993.204,1993,3,102.4,6.6,739
1993.288,1993,4,94.4,6.7,719
1993.371,1993,5,78.8,5.7,752
1993.455,1993,6,69.6,5.4,706
1993.538,1993,7,80.4,5.4,699
1993.623,1993,8,62.5,5.0,809
1993.707,1993,9,31.2,4.5,709
1993.790,1993,10,71.1,5.5,630
1993.874,1993,11,48.2,4.4,551
1993.958,1993,12,68.4,5.9,562
1994.042,1994,1,84.9,6.6,582
1994.123,1994,2,54.9,4.8,539
1994.204,1994,3,47.5,4.1,728
1994.288,1994,4,27.4,3.9,763
1994.371,1994,5,29.8,4.1,789
1994.455,1994,6,39.7,5.0,789
1994.538,1994,7,50.6,4.3,865
1994.623,1994,8,34.3,3.2,876
1994.707,1994,9,40.5,4.1,735
1994.790,1994,10,67.1,4.2,657
1994.874,1994,11,29.5,4.7,591
1994.958,1994,12,32.2,3.5,610
1995.042,1995,1,32.6,5.3,630
1995.123,1995,2,45.8,3.9,620
1995.204,1995,3,46.3,3.8,706
1995.288,1995,4,21.6,3.6,698
1995.371,1995,5,19.4,2.8,781
1995.455,1995,6,22.5,3.8,747
1995.538,1995,7,20.4,3.1,842
1995.623,1995,8,18.2,3.6,854
1995.707,1995,9,15.7,3.0,708
1995.790,1995,10,30.6,3.7,734
1995.874,1995,11,14.0,3.7,594
1995.958,1995,12,14.9,3.6,515
1996.042,1996,1,13.3,3.4,535
1996.124,1996,2,7.7,3.4,532
1996.206,1996,3,12.6,3.1,621
1996.290,1996,4,6.8,2.5,678
1996.373,1996,5,7.6,3.1,676
1996.456,1996,6,16.5,2.9,682
1996.540,1996,7,11.8,2.6,766
1996.624,1996,8,19.7,3.5,759
1996.708,1996,9,3.0,2.5,656
1996.791,1996,10,0.7,2.1,630
1996.874,1996,11,24.9,4.4,536
1996.958,1996,12,14.0,2.9,543
1997.042,1997,1,7.4,3.2,497
1997.123,1997,2,11.0,2.9,545
1997.204,1997,3,12.1,2.4,627
1997.288,1997,4,23.0,3.3,663
1997.371,1997,5,25.4,2.8,716
1997.455,1997,6,20.8,2.5,656
1997.538,1997,7,12.9,4.2,700
1997.623,1997,8,35.7,3.8,723
1997.707,1997,9,59.7,4.8,661
1997.790,1997,10,32.8,3.6,623
1997.874,1997,11,50.4,4.7,465
1997.958,1997,12,55.5,4.6,418
1998.042,1998,1,44.5,4.6,521
1998.123,1998,2,50.2,4.6,559
1998.204,1998,3,82.0,5.9,571
1998.288,1998,4,70.6,7.2,537
1998.371,1998,5,74.0,4.8,620
1998.455,1998,6,90.5,6.0,521
1998.538,1998,7,96.7,6.3,597
1998.623,1998,8,121.1,7.4,586
1998.707,1998,9,132.0,8.6,502
1998.790,1998,10,78.5,6.6,432
1998.874,1998,11,97.3,6.8,472
1998.958,1998,12,119.2,9.4,435
1999.042,1999,1,86.0,7.6,475
1999.123,1999,2,98.0,7.6,446
1999.204,1999,3,103.5,6.8,518
1999.288,1999,4,93.6,7.5,569
1999.371,1999,5,149.6,8.5,630
1999.455,1999,6,207.2,10.5,567
1999.538,1999,7,173.5,9.3,594
1999.623,1999,8,142.3,12.9,649
1999.707,1999,9,106.3,6.5,624
1999.790,1999,10,168.7,10.4,531
1999.874,1999,11,188.3,12.3,406
1999.958,1999,12,116.8,9.3,404
2000.042,2000,1,133.1,10.4,450
2000.124,2000,2,165.7,10.4,490
2000.206,2000,3,217.7,11.9,456
2000.290,2000,4,191.5,10.2,529
2000.373,2000,5,165.9,10.1,551
2000.456,2000,6,188.0,8.8,532
2000.540,2000,7,244.3,12.0,507
2000.624,2000,8,180.5,9.4,626
2000.708,2000,9,156.0,11.2,558
2000.791,2000,10,141.6,8.0,483
2000.874,2000,11,158.1,8.9,380
2000.958,2000,12,143.3,8.7,391
2001.042,2001,1,142.6,9.2,437
2001.123,2001,2,121.5,8.1,453
2001.204,2001,3,165.8,11.9,485
2001.288,2001,4,161.7,9.4,578
2001.371,2001,5,142.1,8.3,578
2001.455,2001,6,202.9,10.8,586
2001.538,2001,7,123.0,8.4,645
2001.623,2001,8,161.5,9.3,654
2001.707,2001,9,238.2,12.1,518
2001.790,2001,10,194.1,11.3,628
2001.874,2001,11,176.6,13.3,509
2001.958,2001,12,213.4,12.5,487
2002.042,2002,1,184.6,11.7,500
2002.123,2002,2,170.2,11.3,475
2002.204,2002,3,147.1,9.1,580
2002.288,2002,4,186.9,9.8,603
2002.371,2002,5,187.5,9.7,595
2002.455,2002,6,128.8,7.7,569
2002.538,2002,7,161.0,11.0,628
2002.623,2002,8,175.6,9.8,663
2002.707,2002,9,187.9,10.1,554
2002.790,2002,10,151.2,8.0,543
2002.874,2002,11,147.2,8.2,470
2002.958,2002,12,135.3,10.0,408
2003.042,2003,1,133.5,7.4,482
2003.123,2003,2,75.7,5.7,538
2003.204,2003,3,100.7,7.5,633
2003.288,2003,4,97.9,6.4,619
2003.371,2003,5,86.8,6.6,606
2003.455,2003,6,118.7,7.9,672
2003.538,2003,7,128.3,7.9,677
2003.623,2003,8,115.4,7.3,721
2003.707,2003,9,78.5,5.8,685
2003.790,2003,10,97.8,8.8,570
2003.874,2003,11,82.9,6.3,443
2003.958,2003,12,72.2,5.3,441
2004.042,2004,1,60.6,5.2,491
2004.124,2004,2,74.6,6.0,479
2004.206,2004,3,74.8,5.1,594
2004.290,2004,4,59.2,5.1,601
2004.373,2004,5,72.8,5.7,614
2004.456,2004,6,66.5,6.8,646
2004.540,2004,7,83.8,8.8,709
2004.624,2004,8,69.7,5.5,686
2004.708,2004,9,48.8,5.3,604
2004.791,2004,10,74.2,5.5,539
2004.874,2004,11,70.1,5.4,477
2004.958,2004,12,28.9,3.4,442
2005.042,2005,1,48.1,4.6,536
2005.123,2005,2,43.5,4.3,500
2005.204,2005,3,39.6,3.8,607
2005.288,2005,4,38.7,3.8,598
2005.371,2005,5,61.9,5.7,641
2005.455,2005,6,56.8,5.3,675
2005.538,2005,7,62.4,6.1,678
2005.623,2005,8,60.5,5.3,706
2005.707,2005,9,37.2,4.5,691
2005.790,2005,10,13.2,3.4,534
2005.874,2005,11,27.5,4.1,499
2005.958,2005,12,59.3,3.9,419
2006.042,2006,1,20.9,3.4,511
2006.123,2006,2,5.7,3.7,434
2006.204,2006,3,17.3,4.2,502
2006.288,2006,4,50.3,5.1,550
2006.371,2006,5,37.2,3.9,566
2006.455,2006,6,24.5,3.3,566
2006.538,2006,7,22.2,2.4,628
2006.623,2006,8,20.8,2.5,650
2006.707,2006,9,23.7,3.0,567
2006.790,2006,10,14.9,2.4,537
2006.874,2006,11,35.7,3.5,444
2006.958,2006,12,22.3,3.5,415
2007.042,2007,1,29.3,2.8,474
2007.123,2007,2,18.4,2.7,423
2007.204,2007,3,7.2,2.8,611
2007.288,2007,4,5.4,2.4,650
2007.371,2007,5,19.5,3.3,615
2007.455,2007,6,21.3,3.4,607
2007.538,2007,7,15.1,1.9,703
2007.623,2007,8,9.8,2.2,669
2007.707,2007,9,4.0,2.1,637
2007.790,2007,10,1.5,2.4,547
2007.874,2007,11,2.8,2.5,437
2007.958,2007,12,17.3,3.1,468
2008.042,2008,1,4.1,2.8,480
2008.124,2008,2,2.9,2.4,490
2008.206,2008,3,15.5,2.7,548
2008.290,2008,4,3.6,2.3,562
2008.373,2008,5,4.6,3.2,637
2008.456,2008,6,5.2,2.3,637
2008.540,2008,7,0.6,2.0,664
2008.624,2008,8,0.3,2.0,525
2008.708,2008,9,1.2,2.4,605
2008.791,2008,10,4.2,2.9,571
2008.874,2008,11,6.6,2.4,445
2008.958,2008,12,1.0,2.0,480
2009.042,2009,1,1.3,2.0,317
2009.123,2009,2,1.2,2.2,385
2009.204,2009,3,0.6,2.0,523
2009.288,2009,4,1.2,2.2,586
2009.371,2009,5,2.9,2.4,610
2009.455,2009,6,6.3,2.7,623
2009.538,2009,7,5.5,2.6,671
2009.623,2009,8,0.0,2.0,691
2009.707,2009,9,7.1,2.2,628
2009.790,2009,10,7.7,2.7,564
2009.874,2009,11,6.9,3.2,452
2009.958,2009,12,16.3,3.5,415
2010.042,2010,1,19.5,2.5,413
2010.123,2010,2,28.5,2.7,376
2010.204,2010,3,24.0,3.6,564
2010.288,2010,4,10.4,3.3,592
2010.371,2010,5,13.9,3.4,573
2010.455,2010,6,18.8,3.0,600
2010.538,2010,7,25.2,3.4,718
2010.623,2010,8,29.6,3.4,689
2010.707,2010,9,36.4,4.0,505
2010.790,2010,10,33.6,3.9,501
2010.874,2010,11,34.4,3.7,404
2010.958,2010,12,24.5,3.6,393
2011.042,2011,1,27.3,3.1,417
2011.123,2011,2,48.3,5.1,399
2011.204,2011,3,78.6,6.9,566
2011.288,2011,4,76.1,6.2,557
2011.371,2011,5,58.2,5.0,607
2011.455,2011,6,56.1,5.0,544
2011.538,2011,7,64.5,4.8,549
2011.623,2011,8,65.8,5.6,605
2011.707,2011,9,120.1,8.8,535
2011.790,2011,10,125.7,9.0,503
2011.874,2011,11,139.1,9.9,434
2011.958,2011,12,109.3,8.4,361
2012.042,2012,1,94.4,7.1,386
2012.124,2012,2,47.8,4.4,388
2012.206,2012,3,86.6,7.3,500
2012.290,2012,4,85.9,6.9,479
2012.373,2012,5,96.5,7.2,543
2012.456,2012,6,92.0,6.5,498
2012.540,2012,7,100.1,7.3,601
2012.624,2012,8,94.8,6.5,612
2012.708,2012,9,93.7,8.1,511
2012.791,2012,10,76.5,5.1,493
2012.874,2012,11,87.6,6.5,382
2012.958,2012,12,56.8,5.1,360
2013.042,2013,1,96.1,6.3,362
2013.123,2013,2,60.9,4.4,363
2013.204,2013,3,78.3,6.1,429
2013.288,2013,4,107.3,6.8,509
2013.371,2013,5,120.2,8.2,487
2013.455,2013,6,76.7,5.2,469
2013.538,2013,7,86.2,6.7,575
2013.623,2013,8,91.8,6.6,563
2013.707,2013,9,54.5,5.3,446
2013.790,2013,10,114.4,8.2,421
2013.874,2013,11,113.9,8.2,321
2013.958,2013,12,124.2,9.1,402
2014.042,2014,1,117.0,8.2,398
2014.123,2014,2,146.1,10.7,384
2014.204,2014,3,128.7,8.6,493
2014.288,2014,4,112.5,6.9,486
2014.371,2014,5,112.5,7.5,493
2014.455,2014,6,102.9,7.7,469
2014.538,2014,7,100.2,7.4,477
2014.623,2014,8,106.9,7.6,486
2014.707,2014,9,130.0,8.7,419
2014.790,2014,10,90.0,6.9,440
2014.874,2014,11,103.6,8.5,397
2014.958,2014,12,112.9,7.4,331
2015.042,2015,1,93.0,7.5,546
2015.123,2015,2,66.7,5.3,442
2015.204,2015,3,54.5,4.8,628
2015.288,2015,4,75.3,8.2,847
2015.371,2015,5,88.8,8.6,895
2015.455,2015,6,66.5,6.3,826
2015.538,2015,7,65.8,5.7,977
2015.623,2015,8,64.4,5.2,892
2015.707,2015,9,78.6,6.4,862
2015.790,2015,10,63.6,5.4,662
2015.874,2015,11,62.2,5.2,622
2015.958,2015,12,58.0,5.4,704
2016.042,2016,1,57.0,4.7,634
2016.124,2016,2,56.4,5.1,662
2016.206,2016,3,54.1,4.9,873
2016.288,2016,4,37.9,3.5,865
2016.373,2016,5,51.5,4.7,878
2016.455,2016,6,20.5,2.0,942
2016.540,2016,7,32.4,3.8,1025
2016.624,2016,8,50.2,4.5,1067
2016.706,2016,9,44.6,3.8,900
2016.791,2016,10,33.4,3.1,782
2016.873,2016,11,21.4,2.6,689
2016.958,2016,12,18.5,2.4,623
2017.042,2017,1,26.1,2.5,830
2017.122,2017,2,26.4,3.7,542
2017.204,2017,3,17.7,2.6,1011
2017.286,2017,4,32.3,3.7,920
2017.371,2017,5,18.9,1.8,1101
2017.453,2017,6,19.2,1.4,1136
2017.538,2017,7,17.8,2.6,1093
2017.623,2017,8,32.6,2.9,1002
2017.705,2017,9,43.7,4.1,973
2017.790,2017,10,13.2,1.0,1125
2017.873,2017,11,5.7,0.5,997
2017.958,2017,12,8.2,1.2,714
2018.042,2018,1,6.8,1.5,701
2018.122,2018,2,10.7,1.1,917
2018.204,2018,3,2.5,0.4,1081
2018.286,2018,4,8.9,1.3,996
2018.371,2018,5,13.1,1.6,1234
2018.453,2018,6,15.6,1.6,1070
2018.538,2018,7,1.6,0.6,1438
2018.623,2018,8,8.7,1.0,1297
2018.705,2018,9,3.3,0.6,1223
2018.790,2018,10,4.9,1.2,1097
2018.873,2018,11,4.9,0.6,771
2018.958,2018,12,3.1,0.5,786
2019.042,2019,1,7.7,0.8,841
2019.122,2019,2,0.8,0.1,1042
2019.204,2019,3,9.4,1.0,995
2019.286,2019,4,9.1,0.7,1039
2019.371,2019,5,9.9,0.7,1159
2019.453,2019,6,1.2,0.7,1273
2019.538,2019,7,0.9,0.2,1214
2019.623,2019,8,0.5,0.1,1344
2019.705,2019,9,1.1,0.3,1225
2019.790,2019,10,0.4,0.1,1065
2019.873,2019,11,0.5,0.1,832
2019.958,2019,12,1.5,0.5,855
2020.042,2020,1,6.2,0.7,795
2020.124,2020,2,0.2,0.1,967
2020.206,2020,3,1.5,0.1,1055
2020.288,2020,4,5.2,0.6,1234
2020.373,2020,5,0.2,0.1,1363
2020.455,2020,6,5.8,0.6,1196
2020.540,2020,7,6.1,3.7,1548
2020.624,2020,8,7.5,4.1,1587
2020.706,2020,9,0.6,2.2,1244
2020.791,2020,10,14.6,7.4,1215
2020.873,2020,11,34.5,8.1,1238
2020.958,2020,12,23.1,6.0,998
2021.042,2021,1,10.4,5.9,1036
2021.122,2021,2,8.2,4.3,1122
2021.204,2021,3,17.2,6.2,1322
2021.286,2021,4,24.5,6.9,1441
2021.371,2021,5,21.2,5.5,1411
2021.453,2021,6,25.0,5.7,1411
2021.538,2021,7,34.3,9.1,1424
2021.623,2021,8,22.0,7.9,1447
2021.705,2021,9,51.3,9.6,1361
2021.790,2021,10,37.4,8.7,1347
2021.873,2021,11,34.8,7.0,1066
2021.958,2021,12,67.5,15.6,845
2022.042,2022,1,55.3,11.2,1176
2022.122,2022,2,60.9,11.1,1146
2022.204,2022,3,78.6,14.0,1413
2022.286,2022,4,84.0,15.3,1376
2022.371,2022,5,96.5,16.3,1401
2022.453,2022,6,70.3,13.2,1403
2022.538,2022,7,91.4,12.2,1487
2022.623,2022,8,74.6,11.3,1470
2022.705,2022,9,96.0,16.3,1264
2022.790,2022,10,95.5,16.0,1215
2022.873,2022,11,80.5,16.2,1047
2022.958,2022,12,112.8,16.6,860
2023.042,2023,1,144.4,29.4,968
2023.122,2023,2,111.3,20.7,1014
2023.204,2023,3,123.3,17.9,1081
2023.286,2023,4,97.6,18.0,1132
2023.371,2023,5,137.4,19.6,1240
2023.453,2023,6,160.5,20.0,1248
2023.538,2023,7,160.0,18.2,1278
2023.623,2023,8,114.8,15.0,1247
2023.705,2023,9,134.2,18.3,1261
2023.790,2023,10,99.9,16.2,1104
2023.873,2023,11,107.1,16.9,928
2023.958,2023,12,113.5,17.7,785
2024.042,2024,1,126.0,19.8,890
2024.124,2024,2,123.0,21.7,806
2024.206,2024,3,103.7,16.6,1071
2024.288,2024,4,137.0,22.1,1094
2024.373,2024,5,172.1,23.1,1215
2024.455,2024,6,164.1,21.4,1186
2024.540,2024,7,196.8,24.7,1218
2024.624,2024,8,216.0,24.5,1279
2024.706,2024,9,141.1,19.5,1047
2024.791,2024,10,165.8,23.4,1013
2024.873,2024,11,154.1,21.2,793
2024.958,2024,12,154.6,24.0,653
2025.042,2025,1,137.0,23.1,772
2025.122,2025,2,155.7,23.6,791
2025.204,2025,3,134.2,20.9,1136
2025.286,2025,4,141.4,17.7,1199
2025.371,2025,5,78.5,10.9,1225
2025.453,2025,6,114.6,15.0,1231
2025.538,2025,7,125.9,16.7,1278
2025.623,2025,8,133.7,18.3,1248
2025.705,2025,9,129.7,15.5,1046
2025.790,2025,10,114.8,17.2,929
2025.873,2025,11,91.7,13.7,882
2025.958,2025,12,124.2,21.3,736
2026.042,2026,1,115.0,21.4,802
2026.122,2026,2,77.4,14.1,870
2026.204,2026,3,86.6,12.8,1308
2026.286,2026,4,79.3,11.4,1159
2026.371,2026,5,101.5,14.8,1130
2026.453,2026,6,94.4,15.6,1150
2026.538,2026,7,78.1,11.2,1371
